strain	brigg_length_estimate	group
BRC20069	6	1
BRC20073	5	2
BRC20075	2	3
BRC20076	2	4
BRC20077	10	5
BRC20081	4	6
BRC20085	4	7
BRC20086	1	4
BRC20088	8	8
BRC20089	4	9
BRC20090	5	10
BRC20092	3	11
BRC20093	7	12
BRC20095	3	13
BRC20096	8	14
BRC20098	5	15
BRC20099	7	16
BRC20100	10	17
BRC20102	5	18
BRC20103	7	19
BRC20107	2	20
BRC20120	9	21
BRC20121	4	22
BRC20122	4	23
BRC20123	4	24
BRC20224	3	25
BRC20229	3	26
BRC20230	4	27
BRC20232	4	28
BRC20234	4	29
BRC20236	10	23
BRC20237	4	23
BRC20238	8	23
BRC20239	3	30
BRC20241	7	29
BRC20242	3	31
BRC20244	6	32
BRC20246	8	33
BRC20247	4	4
BRC20254	5	28
BRC20255	6	22
BRC20256	7	33
BRC20260	7	34
BRC20269	10	35
BRC20289	4	36
BRC20290	5	37
BRC20294	8	38
BRC20295	7	38
BRC20308	7	39
BRC20309	9	40
BRC20310	12	41
BRC20311	12	41
BRC20312	6	42
BRC20315	8	43
BRC20320	4	44
BRC20324	4	45
BRC20331	9	35
BRC20333	3	46
BRC20334	5	47
BRC20339	2	48
BRC20341	5	49
BRC20342	2	50
BRC20343	7	50
BRC20345	9	22
BRC20346	5	51
BRC20347	5	52
BRC20348	9	53
BRC20366	6	54
BRC20367	4	55
BRC20369	9	56
BRC20370	9	57
BRC20390	4	4
BRC20401	7	58
BRC20408	3	4
BRC20462	2	4
BRC20463	6	59
BRC20492	6	60
BRC20498	5	61
BRC20499	4	62
BRC20500	2	62
BRC20501	8	63
BRC20503	5	64
BRC20519	5	65
BRC20520	5	66
BRC20522	5	67
BRC20523	6	67
BRC20524	6	68
BRC20525	5	67
BRC20526	3	69
BRC20528	3	70
BRC20529	5	71
BRC20530	6	72
BRC20531	3	73
BRC20532	4	74
BRC20533	3	75
BRC20534	5	76
BRC20535	4	77
BRC20536	5	78
BRC20537	8	79
BRC20540	5	80
BRC20541	5	81
BRC20542	6	81
BRC20543	7	25
BRC20544	4	82
BRC20545	5	83
BRC20556	4	84
BRC20557	4	85
BW287	7	86
ECA1127	3	87
ECA1128	3	87
ECA1129	4	88
ECA1130	6	88
ECA1143	6	89
ECA1144	6	89
ECA1145	4	89
ECA1146	4	90
ECA1147	5	91
ECA1148	4	92
ECA1149	6	92
ECA1152	5	93
ECA1153	5	93
ECA1156	4	93
ECA1157	2	94
ECA1158	1	94
ECA1159	1	94
ECA1160	6	93
ECA1161	4	93
ECA1162	4	93
ECA1163	6	93
ECA1164	5	95
ECA1165	4	93
ECA1166	3	96
ECA1167	3	96
ECA1168	3	96
ECA1169	3	96
ECA1170	5	97
ECA1172	4	98
ECA1173	8	98
ECA1174	5	87
ECA1175	6	87
ECA1176	5	87
ECA1177	5	98
ECA1178	6	98
ECA1179	5	98
ECA1180	6	98
ECA1181	6	98
ECA1182	4	96
ECA1183	3	99
ECA1381	4	98
ECA1382	5	87
ECA1383	5	98
ECA1384	5	87
ECA1387	7	100
ECA1399	6	98
ECA1407	7	98
ECA1411	10	101
ECA1423	6	102
ECA1427	7	103
ECA1429	8	103
ECA1431	4	104
ECA1437	3	100
ECA1443	3	105
ECA1455	4	96
ECA1457	3	96
ECA1459	5	106
ECA1461	3	96
ECA1469	5	106
ECA1471	5	107
ECA1473	6	108
ECA1475	9	108
ECA1477	1	96
ECA1479	4	96
ECA1483	13	109
ECA1487	4	106
ECA1495	3	110
ECA1499	3	106
ECA1501	2	96
ECA1511	4	109
ECA1513	6	111
ECA1517	3	112
ECA1529	6	111
ECA1531	6	111
ECA1535	3	108
ECA1543	6	111
ECA1545	11	113
ECA1547	4	114
ECA1549	3	114
ECA1551	17	114
ECA1553	3	96
ECA1555	5	114
ECA1557	2	96
ECA1559	3	96
ECA1561	7	115
ECA1563	6	108
ECA1565	2	113
ECA1567	4	113
ECA1569	4	96
ECA1571	3	116
ECA1573	3	106
ECA1575	4	113
ECA1577	3	96
ECA1587	5	117
ECA1589	6	106
ECA1591	6	106
ECA1593	7	106
ECA1595	6	106
ECA1597	3	106
ECA1601	5	106
ECA1605	3	118
ECA1607	6	93
ECA1609	6	113
ECA161	5	119
ECA1611	5	120
ECA1613	4	120
ECA1615	5	121
ECA1617	3	120
ECA1619	5	120
ECA162	5	122
ECA1621	6	123
ECA1625	4	123
ECA1627	3	113
ECA1629	4	113
ECA163	8	124
ECA1631	5	113
ECA1637	7	125
ECA1639	8	125
ECA1641	9	125
ECA1643	6	126
ECA1645	10	126
ECA1651	19	126
ECA1653	18	126
ECA1655	17	126
ECA1657	12	127
ECA1659	9	128
ECA1667	19	126
ECA1706	2	129
ECA175	4	130
ECA176	12	131
ECA177	4	132
ECA1773	2	113
ECA178	4	133
ECA179	9	131
ECA180	9	134
ECA181	10	131
ECA182	4	135
ECA183	3	133
ECA185	3	136
ECA186	4	137
ECA188	3	87
ECA2083	13	111
ECA2089	4	96
ECA2093	3	138
ECA2115	5	139
ECA2239	7	99
ECA2275	7	126
ECA2277	11	126
ECA2279	6	126
ECA2297	3	128
ECA2299	4	128
ECA2301	4	128
ECA2368	17	126
ECA2371	5	126
ECA2373	9	126
ECA2379	4	99
ECA2381	3	99
ECA2383	4	99
ECA2385	4	99
ECA2387	3	99
ECA2425	6	140
ECA2455	4	99
ECA2457	3	99
ECA2470	1	129
ECA2493	1	99
ECA2499	2	94
ECA2501	2	94
ECA2503	2	94
ECA2505	2	94
ECA2507	2	94
ECA2511	2	94
ECA2513	2	94
ECA2515	2	94
ECA2613	5	141
ECA2614	3	141
ECA2616	16	142
ECA2617	4	143
ECA2618	4	144
ECA2619	7	145
ECA2620	8	145
ECA2621	8	145
ECA2622	4	145
ECA2623	7	142
ECA2624	8	143
ECA2625	4	146
ECA2626	12	147
ECA2627	13	147
ECA2628	6	145
ECA2629	5	145
ECA2630	2	145
ECA2631	7	145
ECA2632	4	146
ECA2633	2	148
ECA2634	9	149
ECA2635	4	149
ECA2636	10	149
ECA2637	5	150
ECA2638	2	148
ECA2639	5	151
ECA2646	7	148
ECA2647	3	148
ECA2661	5	141
ECA2662	5	141
ECA2663	5	141
ECA2664	6	152
ECA2666	9	153
ECA2667	5	154
ECA2668	5	149
ECA2669	3	155
ECA2670	2	155
ECA2671	4	145
ECA276	8	156
ECA277	4	157
ECA278	4	157
ECA280	7	156
ECA2807	4	158
ECA2808	4	158
ECA287	3	159
ECA288	5	160
ECA343	3	161
ECA344	3	161
ECA346	2	162
ECA357	4	98
ECA360	2	99
ECA371	3	163
ECA569	5	164
ED3036	8	165
ED3082	5	166
ED3085	4	166
ED3087	6	166
ED3088	5	166
ED3090	5	167
ED3091	7	167
ED3092	5	167
ED3093	6	167
ED3096	4	167
ED3097	6	167
ED3098	7	167
ED3101	6	167
ED3102	6	167
ED3103	5	167
EG4181	2	168
EG4207	2	168
EG4360	3	168
EG4365	3	168
EG5612	4	169
EG5613	4	170
EG5614	5	169
EG5715	2	168
EG5784	3	168
EG6179	4	171
EG6257	5	172
EG6258	5	173
EG6259	7	172
EG6260	6	173
EG6261	5	172
EG6262	6	173
EG6263	7	172
EG6265	4	174
EG6266	2	173
EG6267	6	175
EG6268	3	94
EG6269	3	94
EG6271	5	176
EG6272	3	177
EG6273	5	178
EG6274	5	179
EG6275	7	180
EG6276	4	178
EG6313	10	178
EG6329	4	181
GUN124	11	182
GXW0021	9	183
GXW0022	7	183
GXW0024	8	183
GXW0025	5	183
GXW0026	8	183
JU1038	9	184
JU1041	8	184
JU1042	8	184
JU1043	7	184
JU1044	8	184
JU1045	9	184
JU1046	10	184
JU1047	9	184
JU1048	8	184
JU1049	8	184
JU1085	4	185
JU1205	6	184
JU1254	5	184
JU1257	3	185
JU1258	7	184
JU1259	7	184
JU1260	7	184
JU1261	8	184
JU1262	9	184
JU1263	9	184
JU1264	9	184
JU1337	5	186
JU1338	8	187
JU1339	8	187
JU1340	7	187
JU1341	5	188
JU1342	6	187
JU1343	8	187
JU1344	4	189
JU1346	8	190
JU1347	5	191
JU1348	2	192
JU1375	6	193
JU1376	7	184
JU1377	5	194
JU1378	5	195
JU1392	6	196
JU1399	17	197
JU1424	4	198
JU1435	4	199
JU1467	9	184
JU1468	8	184
JU1469	9	184
JU1470	8	184
JU1471	7	184
JU1472	7	184
JU1473	7	184
JU1474	6	184
JU1496	8	184
JU1497	9	184
JU1498	7	184
JU1499	8	184
JU1500	7	184
JU1509	7	184
JU1529	7	184
JU1533	6	184
JU1542	8	184
JU1551	5	184
JU1556	10	184
JU1560	7	184
JU1561	8	184
JU1562	10	184
JU1564	7	200
JU1637	2	201
JU1638	5	202
JU1767	6	184
JU1775	7	184
JU1776	7	184
JU1784	8	184
JU1788	9	184
JU1789	8	184
JU1791	6	184
JU1794	3	203
JU1795	6	204
JU1799	7	205
JU1802	4	206
JU1814	6	207
JU1820	6	208
JU1822	6	208
JU1827	5	208
JU1828	4	208
JU1829	5	208
JU1830	9	208
JU1834	6	208
JU1884	4	209
JU1885	5	210
JU1907	7	211
JU1908	4	212
JU1909	3	213
JU1912	3	214
JU1913	3	214
JU1914	3	215
JU1987	7	184
JU1992	5	184
JU1993	9	184
JU1994	6	184
JU1995	6	184
JU1996	7	184
JU1997	6	184
JU1998	8	184
JU1999	8	184
JU2004	7	184
JU2032	8	184
JU2044	5	208
JU2045	2	216
JU2053	3	217
JU2054	4	218
JU2055	4	94
JU2056	3	219
JU2057	5	220
JU2101	7	184
JU2105	6	184
JU2138	6	221
JU2142	7	184
JU2143	8	184
JU2144	9	184
JU2145	5	184
JU2164	10	184
JU2181	8	221
JU2182	6	221
JU2183	9	221
JU2184	8	221
JU2185	6	221
JU2206	9	184
JU2208	8	184
JU2214	5	222
JU2216	6	223
JU2217	6	184
JU2218	7	184
JU2219	8	184
JU2220	5	184
JU2221	7	184
JU2222	6	184
JU2223	7	184
JU2224	6	184
JU2225	7	184
JU2226	8	184
JU2227	5	184
JU2228	4	184
JU2229	4	184
JU2233	6	184
JU2247	5	184
JU2248	4	184
JU2252	5	184
JU2256	8	184
JU2457	6	224
JU2470	5	225
JU2471	4	226
JU2472	4	227
JU2473	3	227
JU2506	3	215
JU2507	4	228
JU2517	4	215
JU2518	4	229
JU2531	6	184
JU2533	4	217
JU2536	5	230
JU2555	6	184
JU2556	5	184
JU2562	5	184
JU2563	9	184
JU2569	3	215
JU2573	3	217
JU2577	7	184
JU2579	6	184
JU2580	9	184
JU2582	9	184
JU2583	6	184
JU2584	5	184
JU2588	5	184
JU2590	7	184
JU2591	6	184
JU2594	7	184
JU2595	5	184
JU2596	7	184
JU2597	6	231
JU2618	6	231
JU2626	6	184
JU2747	6	232
JU2753	3	233
JU2754	7	184
JU2766	6	184
JU2767	4	234
JU2773	8	184
JU2777	10	235
JU2779	6	184
JU2780	9	184
JU2781	3	236
JU2783	8	184
JU2786	9	184
JU279	9	184
JU2791	4	233
JU2792	7	184
JU2793	7	184
JU2799	6	237
JU280	10	184
JU2801	6	238
JU2814	6	234
JU2823	11	184
JU2824	10	184
JU2835	9	239
JU2836	6	239
JU2849	7	240
JU2850	6	240
JU2861	6	241
JU2863	8	184
JU2868	7	242
JU2872	4	236
JU2873	4	236
JU2893	7	184
JU2894	13	184
JU2905	15	184
JU2910	5	232
JU296	8	184
JU3168	5	234
JU3171	4	233
JU3199	7	238
JU3200	5	243
JU3201	6	244
JU3202	9	245
JU3203	10	246
JU3204	4	247
JU3205	10	245
JU3206	3	248
JU3237	4	249
JU3272	5	250
JU3273	5	250
JU3276	11	184
JU3278	6	184
JU3279	7	184
JU3281	8	251
JU3319	7	252
JU3321	9	253
JU3323	8	252
JU3326	8	254
JU3327	5	255
JU3416	3	247
JU3420	3	250
JU3422	5	250
JU348	8	184
JU349	6	184
JU350	7	184
JU351	7	184
JU352	10	184
JU353	6	184
JU354	10	184
JU355	9	184
JU356	6	208
JU357	8	184
JU358	9	184
JU372	9	184
JU373	12	184
JU374	11	184
JU375	11	184
JU377	12	184
JU378	14	184
JU379	10	184
JU380	13	184
JU381	10	184
JU382	9	184
JU403	9	184
JU404	7	184
JU4041	4	256
JU4042	1	257
JU4049	3	258
JU405	5	184
JU4051	3	258
JU4058	3	259
JU4060	3	260
JU4062	3	261
JU4064	8	262
JU4080	4	263
JU4084	4	264
JU4097	7	265
JU4099	4	61
JU439	6	184
JU441	9	184
JU516	9	184
JU725	3	266
JU726	5	189
JU757	6	184
JU793	3	189
JU794	7	184
JU795	8	184
JU796	7	184
JU797	4	184
JU835	5	184
JU836	5	184
JU837	5	184
JU838	6	184
JU839	7	184
JU840	7	184
JU841	5	184
JU842	5	184
JU843	6	184
JU844	5	184
JU845	5	184
JU846	5	184
MY2049	5	184
MY2132	10	184
MY2249	4	267
MY2250	7	268
MY2269	5	267
MY2270	7	268
MY2271	3	267
MY2281	3	268
MY2716	4	267
MY2717	3	267
MY2725	4	268
MY2748	3	267
MY539	6	268
MY646	10	184
MY661	9	184
MY681	5	269
MY682	7	184
MY683	8	184
MY699	8	184
MY701	5	184
MY702	6	184
MY709	8	184
MY727	5	184
MY728	6	184
MY750	6	184
MY751	6	184
MY752	6	184
MY754	6	184
MY755	4	184
MY756	7	184
MY761	6	184
MY765	5	184
MY771	4	184
MY800	6	267
MY801	6	267
MY918	5	184
MY945	5	184
NIC100	4	208
NIC101	5	208
NIC103	3	208
NIC1047	7	184
NIC1048	7	184
NIC1050	4	270
NIC1052	4	271
NIC1053	4	270
NIC1055	3	272
NIC1056	2	272
NIC1057	7	273
NIC1058	3	274
NIC1059	9	275
NIC106	5	208
NIC1060	3	276
NIC1061	8	277
NIC1062	7	277
NIC1063	10	277
NIC1065	8	277
NIC1066	8	277
NIC1069	4	278
NIC107	3	279
NIC1072	6	184
NIC108	5	208
NIC1088	7	184
NIC1089	7	184
NIC109	5	208
NIC1090	7	184
NIC1100	4	184
NIC1103	7	280
NIC1104	10	281
NIC1106	3	282
NIC1123	11	283
NIC1124	7	284
NIC1125	2	285
NIC1131	5	226
NIC1134	4	283
NIC1138	3	285
NIC1139	4	226
NIC1141	3	286
NIC1143	3	226
NIC115	7	287
NIC1158	10	284
NIC116	6	288
NIC117	4	289
NIC1182	3	226
NIC1183	8	226
NIC1185	7	290
NIC1186	5	226
NIC1189	10	283
NIC119	6	288
NIC1190	4	290
NIC1202	7	291
NIC1203	4	291
NIC1205	5	292
NIC1206	4	291
NIC1217	4	293
NIC1218	4	293
NIC1219	3	293
NIC1220	4	294
NIC1221	4	295
NIC123	8	296
NIC1261	4	208
NIC1267	5	297
NIC1273	6	298
NIC1274	9	297
NIC1287	6	208
NIC1288	11	299
NIC1289	10	300
NIC1292	8	298
NIC1295	7	208
NIC1296	5	208
NIC1302	4	301
NIC1303	6	208
NIC1304	12	302
NIC1306	6	207
NIC1308	5	303
NIC1351	6	208
NIC1356	5	208
NIC1373	5	208
NIC1394	9	297
NIC1407	14	304
NIC1413	6	300
NIC1414	6	300
NIC1416	8	300
NIC1418	9	300
NIC1421	6	305
NIC1423	10	300
NIC1424	5	208
NIC1442	3	306
NIC146	5	184
NIC1479	4	208
NIC1480	10	208
NIC1481	9	208
NIC1482	9	208
NIC1483	7	208
NIC1485	7	208
NIC149	8	184
NIC1491	4	307
NIC151	7	184
NIC1524	4	308
NIC1525	6	309
NIC1527	5	308
NIC1528	7	308
NIC1529	5	310
NIC153	7	184
NIC1530	7	308
NIC1533	2	311
NIC1535	4	312
NIC1537	7	308
NIC1539	5	313
NIC154	7	184
NIC1540	2	314
NIC155	7	184
NIC1552	6	315
NIC156	6	184
NIC1562	9	316
NIC157	8	184
NIC158	8	184
NIC1589	2	317
NIC1590	5	318
NIC1591	3	319
NIC1593	9	320
NIC1595	4	321
NIC1598	5	322
NIC160	8	184
NIC1602	5	323
NIC1607	5	324
NIC161	10	184
NIC1610	6	184
NIC162	9	184
NIC1625	2	325
NIC1626	2	325
NIC1628	4	326
NIC1629	2	4
NIC163	7	184
NIC1630	3	325
NIC1631	2	327
NIC1632	4	328
NIC1633	4	329
NIC1634	3	330
NIC1635	4	330
NIC164	8	184
NIC1645	3	331
NIC1660	5	332
NIC1661	4	333
NIC1663	3	334
NIC1664	5	335
NIC1665	2	336
NIC1666	6	337
NIC1667	2	338
NIC1668	4	338
NIC1669	4	338
NIC167	8	184
NIC1681	5	339
NIC1688	6	315
NIC169	9	184
NIC1692	3	340
NIC1693	8	341
NIC17	5	342
NIC170	9	184
NIC171	7	184
NIC173	8	184
NIC174	7	184
NIC175	8	184
NIC178	8	184
NIC179	8	184
NIC18	6	208
NIC180	6	184
NIC181	9	184
NIC182	8	184
NIC185	10	184
NIC186	4	184
NIC187	5	343
NIC188	6	344
NIC19	3	345
NIC191	8	346
NIC20	4	347
NIC208	6	184
NIC209	7	184
NIC21	4	348
NIC22	8	349
NIC23	6	208
NIC243	8	184
NIC250	4	350
NIC253	3	184
NIC28	3	208
NIC29	5	208
NIC292	7	351
NIC30	6	208
NIC301	7	208
NIC302	4	351
NIC303	6	208
NIC309	5	352
NIC317	5	208
NIC32	7	208
NIC323	5	208
NIC325	10	353
NIC327	6	354
NIC329	4	355
NIC330	11	356
NIC331	5	357
NIC332	4	358
NIC333	4	359
NIC340	5	360
NIC341	4	208
NIC343	5	361
NIC358	5	208
NIC36	7	208
NIC362	5	208
NIC367	5	208
NIC368	7	351
NIC369	8	351
NIC37	7	208
NIC373	8	351
NIC377	6	208
NIC38	7	208
NIC392	5	360
NIC398	6	184
NIC399	6	208
NIC40	6	208
NIC400	9	362
NIC419	11	351
NIC498	7	184
NIC5	5	184
NIC504	5	363
NIC505	4	364
NIC507	7	184
NIC509	8	184
NIC510	5	184
NIC518	6	365
NIC519	7	366
NIC532	4	367
NIC549	6	368
NIC552	7	369
NIC553	10	370
NIC554	11	370
NIC555	6	371
NIC556	7	371
NIC558	5	371
NIC574	3	372
NIC576	6	373
NIC578	5	373
NIC583	4	374
NIC590	14	375
NIC596	5	373
NIC599	5	373
NIC6	6	184
NIC60	7	376
NIC61	5	216
NIC62	10	377
NIC63	4	216
NIC64	10	376
NIC65	5	208
NIC66	6	208
NIC67	5	208
NIC68	4	208
NIC69	5	208
NIC70	4	208
NIC71	5	208
NIC72	7	208
NIC73	5	208
NIC74	4	208
NIC745	6	374
NIC75	5	208
NIC758	5	378
NIC76	4	208
NIC77	6	208
NIC776	6	379
NIC777	7	380
NIC778	3	381
NIC78	4	208
NIC79	6	208
NIC790	6	382
NIC791	2	383
NIC792	5	384
NIC793	2	385
NIC796	5	386
NIC80	5	208
NIC802	5	22
NIC803	7	387
NIC805	5	24
NIC806	3	24
NIC808	10	21
NIC809	8	21
NIC81	5	208
NIC810	7	25
NIC811	4	388
NIC812	7	21
NIC813	6	21
NIC815	6	21
NIC816	5	389
NIC817	3	389
NIC818	4	389
NIC819	13	390
NIC820	7	21
NIC821	7	391
NIC824	2	392
NIC825	5	393
NIC826	2	4
NIC827	4	394
NIC828	4	381
NIC829	10	391
NIC83	4	208
NIC839	9	21
NIC84	7	208
NIC850	8	21
NIC86	5	208
NIC863	3	395
NIC864	5	396
NIC865	2	397
NIC87	10	208
NIC871	5	398
NIC876	4	4
NIC877	3	4
NIC879	5	23
NIC88	8	208
NIC883	4	399
NIC884	4	4
NIC888	4	399
NIC889	4	400
NIC89	5	208
NIC893	7	401
NIC896	4	402
NIC897	3	402
NIC899	3	403
NIC900	5	404
NIC901	3	404
NIC902	4	404
NIC906	5	405
NIC911	5	406
NIC914	6	208
NIC919	3	208
NIC93	4	208
NIC95	6	208
NIC96	3	279
NIC97	7	208
NIC973	4	208
NIC974	4	208
NIC979	4	208
NIC98	3	208
NIC981	5	208
NIC984	5	407
NIC985	6	408
NIC998	6	208
PB420	4	409
PB826	6	410
PB857	4	410
PB858	5	410
PB859	5	410
PE887	3	411
QG1002	7	412
QG1005	9	413
QG1007	7	414
QG106	6	184
QG107	5	184
QG108	5	184
QG109	5	184
QG110	6	184
QG1100	6	415
QG1101	4	415
QG1102	3	415
QG1103	6	415
QG1104	8	415
QG1106	7	415
QG1107	6	415
QG1109	9	415
QG111	5	184
QG1111	7	416
QG1113	6	415
QG1114	6	415
QG112	7	184
QG1120	4	415
QG1124	9	415
QG1125	12	417
QG1126	6	415
QG1127	10	418
QG1128	6	415
QG1129	6	415
QG113	4	184
QG1130	7	415
QG1131	6	415
QG1132	4	412
QG1134	8	412
QG1139	6	412
QG114	7	184
QG1141	12	419
QG1142	7	412
QG1143	14	419
QG1144	6	412
QG1145	4	412
QG1146	4	412
QG1148	11	412
QG1149	9	412
QG115	7	184
QG1150	4	412
QG1151	4	412
QG1152	6	412
QG1153	3	412
QG1154	3	412
QG1156	3	412
QG116	6	184
QG117	7	184
QG118	7	184
QG119	7	184
QG120	7	184
QG121	7	184
QG128	7	420
QG129	7	420
QG130	7	420
QG132	9	421
QG133	2	422
QG2615	6	412
QG2616	6	412
QG2617	5	412
QG2618	6	412
QG2621	9	423
QG2622	6	423
QG2623	4	412
QG2624	6	412
QG2630	5	412
QG2631	6	412
QG2639	4	424
QG2640	8	425
QG2641	7	426
QG2647	7	412
QG2648	15	423
QG2649	7	427
QG2657	6	428
QG2659	8	425
QG2660	8	427
QG2663	7	427
QG2664	9	427
QG2665	8	412
QG2666	6	412
QG2667	11	423
QG2668	7	427
QG2669	9	423
QG2671	4	429
QG2673	8	427
QG2674	6	428
QG2677	9	423
QG2678	13	423
QG2682	9	427
QG2683	9	428
QG2684	5	430
QG2685	4	430
QG2686	7	427
QG2689	6	412
QG2690	7	412
QG2691	14	423
QG2692	7	412
QG2693	6	429
QG2694	8	427
QG2695	8	427
QG2714	5	424
QG2717	15	431
QG2718	16	431
QG2728	5	424
QG2729	5	424
QG2730	4	424
QG2731	5	424
QG2734	4	424
QG2735	6	424
QG2736	4	424
QG2737	11	417
QG2738	15	417
QG2739	12	417
QG2740	17	417
QG2741	13	417
QG2742	13	417
QG2752	5	412
QG2777	5	424
QG2778	7	431
QG2779	10	431
QG2780	7	431
QG2781	10	431
QG2784	4	424
QG2814	7	432
QG2815	7	432
QG2819	9	433
QG2820	9	433
QG2848	7	434
QG2849	9	256
QG2881	8	435
QG2882	8	436
QG2883	9	436
QG2884	9	437
QG2885	9	437
QG2886	14	438
QG2887	12	438
QG2889	3	438
QG2890	3	439
QG2891	3	439
QG2892	12	438
QG2894	10	438
QG2895	8	440
QG2900	11	438
QG2901	12	438
QG2902	11	441
QG2906	8	442
QG2908	3	443
QG2909	6	441
QG2910	4	444
QG2919	3	445
QG2920	1	445
QG2921	11	446
QG2922	5	446
QG2923	6	447
QG2925	7	235
QG2926	8	235
QG2964	5	448
QG2966	10	449
QG2967	7	415
QG2969	5	418
QG2970	7	418
QG2971	4	418
QG2972	11	450
QG2996	9	451
QG3002	4	415
QG3003	9	415
QG3004	4	452
QG3012	4	415
QG3015	9	423
QG3016	9	453
QG3017	12	453
QG3018	5	454
QG3019	6	455
QG3025	6	456
QG3030	12	457
QG3032	5	458
QG3034	10	453
QG3039	7	423
QG3041	11	459
QG3043	3	415
QG3044	7	415
QG3045	5	415
QG3046	4	415
QG3053	4	460
QG3056	9	461
QG3058	5	454
QG3527	9	462
QG3661	9	463
QG3783	6	464
QG3784	16	465
QG3787	6	465
QG3794	2	466
QG3796	7	467
QG3798	7	467
QG3801	2	468
QG3804	9	469
QG3810	5	470
QG3813	7	470
QG3815	3	471
QG3816	2	472
QG3819	9	470
QG3820	4	467
QG3822	14	467
QG3823	13	467
QG3825	6	473
QG3826	4	474
QG3827	2	475
QG3832	3	475
QG3837	8	465
QG3840	4	470
QG3841	7	470
QG3842	5	466
QG3851	3	466
QG3858	4	464
QG3861	4	476
QG3864	3	470
QG3866	5	469
QG3867	3	475
QG3874	2	477
QG3875	6	469
QG3876	2	478
QG3878	3	470
QG3879	4	470
QG3920	9	479
QG3921	8	480
QG3922	6	481
QG3923	10	481
QG3924	8	482
QG3925	8	483
QG3926	5	484
QG3927	12	485
QG3928	6	484
QG3929	11	486
QG3930	15	486
QG3931	10	486
QG3932	6	487
QG3933	13	488
QG4026	3	489
QG4027	2	490
QG4028	2	490
QG4029	3	490
QG4030	3	491
QG4031	3	491
QG4058	4	492
QG4059	4	493
QG4061	3	493
QG4062	3	493
QG4063	3	493
QG4064	4	494
QG4065	6	495
QG4066	4	494
QG4067	6	496
QG4068	6	495
QG4069	3	495
QG4070	4	497
QG4072	6	497
QG4073	8	497
QG4074	8	497
QG4075	9	497
QG4093	4	498
QG4094	5	499
QG4095	4	500
QG4096	3	501
QG4097	12	502
QG4098	3	501
QG4099	6	502
QG4100	12	502
QG4101	3	501
QG4104	4	503
QG4112	4	504
QG4113	10	502
QG4114	5	504
QG4115	4	504
QG4116	3	504
QG4117	2	504
QG4118	4	148
QG4119	3	148
QG4120	3	148
QG4121	3	148
QG4122	4	148
QG4123	4	148
QG4128	7	505
QG4129	7	505
QG4130	8	505
QG4131	4	505
QG4132	3	506
QG4133	7	505
QG4206	3	507
QG4207	3	507
QG4208	4	507
QG4209	4	500
QG4210	3	507
QG4211	4	500
QG4212	10	502
QG4213	8	502
QG4214	5	508
QG4225	5	492
QG4231	4	492
QG4232	4	509
QG4233	4	510
QG547	10	511
QG550	3	512
QG570	5	513
QG571	3	513
QG572	4	513
QG573	5	513
QG574	6	513
QG575	5	513
QG576	5	513
QG577	6	513
QG578	5	513
QG579	3	513
QG580	7	376
QG581	6	513
QG584	5	514
QG585	4	514
QG587	8	514
QG588	6	514
QG589	7	514
QG700	6	515
QG723	7	412
QG724	3	412
QG725	2	430
QG726	3	516
QG727	6	517
QG728	5	518
QG730	9	423
QG731	7	431
QG733	4	519
QG734	5	520
QG735	17	431
QG736	8	521
QG737	7	522
QG738	4	523
QG739	7	429
QG741	6	454
QG742	4	454
QG743	5	454
QG744	7	415
QG745	4	415
QG746	4	415
QG747	11	524
QG748	11	524
QG749	8	524
QG750	13	524
QG752	5	454
QG753	12	524
QG754	10	524
QG755	14	524
QG756	11	423
QG757	9	525
QG758	12	524
QG759	10	524
QG760	5	526
QG761	6	526
QG762	11	524
QG763	14	524
QG764	12	423
QG765	6	454
QG766	15	524
QG767	4	454
QG770	5	527
QG771	7	454
QG773	5	454
QG774	5	412
QG775	6	412
QG776	5	528
QG777	5	430
QG778	10	529
QG779	5	529
QG780	4	530
QG781	4	531
QG782	3	430
QG783	6	529
QG784	4	430
QG785	10	529
QG786	9	532
QG787	5	533
QG788	4	534
QG790	6	535
QG791	12	529
QG792	10	532
QG793	4	531
QG794	9	536
QG795	7	536
QG796	5	537
QG797	4	538
QG798	16	431
QG799	6	537
QG802	4	539
QG803	5	537
QG804	8	540
QG805	7	537
QG806	6	541
QG807	5	542
QG808	12	543
QG809	4	523
QG810	5	430
QG812	6	534
QG813	4	531
QG814	12	431
QG815	8	537
QG816	12	529
QG819	6	537
QG822	5	412
QG824	8	518
QG825	8	518
QG826	7	544
QG827	3	545
QG828	8	546
QG829	5	454
QG830	8	518
QG832	3	430
QG833	5	547
QG854	7	415
QG855	6	548
QG856	10	549
QG858	6	527
QG859	5	527
QG860	5	550
QG861	6	517
QG864	8	520
QG865	8	431
QG866	6	551
QG867	7	552
QG868	7	516
QG869	4	551
QG870	6	429
QG872	6	429
QG873	16	522
QG874	8	544
QG875	19	553
QG876	9	415
QG877	8	517
QG878	9	552
QG879	8	554
QG880	12	555
QG881	3	556
QG882	18	417
QG883	15	417
QG884	12	417
QG885	9	557
QG886	9	557
QG887	8	557
QG888	13	417
QG889	16	417
QG890	18	417
QG923	6	416
QG924	17	558
QG925	16	558
QG926	9	559
QG927	14	560
QG928	4	413
QG930	2	415
QG931	11	558
QG932	8	415
QG933	16	561
QG934	7	430
QG936	10	525
QG937	10	525
QG938	3	416
QG939	15	558
QG941	17	417
QG944	16	417
QG945	11	562
QG946	12	563
QG947	7	564
QG948	12	565
QG949	3	566
QG950	7	566
QG951	6	566
QG952	16	567
QG973	7	537
QG977	5	415
QG978	7	537
QG979	5	430
QG980	2	533
QG982	7	557
QG983	11	557
QG985	20	417
QG986	7	566
QG988	7	415
QG991	4	530
QG992	3	530
QG993	7	412
QG994	11	568
QG995	7	569
QG996	2	566
QG997	5	570
QG998	12	558
QR24	6	221
QR25	8	221
QX1410	6	571
QX1414	3	410
QX1545	4	410
QX1547	10	572
QX1795	10	573
QX1796	6	574
QX1797	5	98
QX1798	7	575
QX1800	6	576
QX1801	3	577
QX1802	5	578
QX1803	5	579
QX1804	5	580
TWN1772	5	581
TWN1824	3	582
TWN1899	5	69
TWN1907	6	583
TWN2919	3	584
TWN3077	5	585
UH1	6	586
VT847	4	587
VX0034	7	588
XZ1204	5	589
XZ1205	6	590
XZ1206	6	591
XZ1207	4	592
XZ1208	6	178
XZ1209	5	178
XZ1210	5	593
XZ1211	7	589
XZ1212	6	594
XZ1213	5	595
XZ1731	6	596
XZ1732	5	597
XZ1733	3	597
YR88	3	94
ZZY405	5	598
