strain	length_estimate	isotype	release	isotype_ref_strain	wgs_seq
AB1	188.384	AB1	20160408	TRUE	TRUE
AB4	808.118	CB4858	20160408	FALSE	TRUE
BRC20067	121.403	BRC20067	20160408	TRUE	TRUE
BRC20113	107.53	BRC20067	20170531	FALSE	TRUE
BRC20231	68.8761	MY23	20170531	FALSE	TRUE
BRC20263	131.029	BRC20263	20170531	TRUE	TRUE
CB4852	175.569	CB4852	20160408	TRUE	TRUE
CB4854	178.05	CB4854	20160408	TRUE	TRUE
CB4856	262.276	CB4856	20160408	TRUE	TRUE
CB4932	208.726	CB4932	20160408	TRUE	TRUE
CX11254	293.954	CX11254	20160408	TRUE	TRUE
CX11262	214.774	CX11262	20160408	TRUE	TRUE
CX11264	826.012	CX11264	20160408	TRUE	TRUE
CX11271	370.95	CX11271	20160408	TRUE	TRUE
CX11276	238.98	CX11276	20160408	TRUE	TRUE
CX11285	147.393	CX11285	20160408	TRUE	TRUE
CX11292	679.344	CX11292	20160408	TRUE	TRUE
CX11307	135.707	CX11307	20160408	TRUE	TRUE
CX11314	471.197	CX11314	20160408	TRUE	TRUE
CX11315	1026.54	CX11315	20160408	TRUE	TRUE
DL200	133.738	DL200	20160408	TRUE	TRUE
DL226	145.521	DL226	20160408	TRUE	TRUE
DL238	1013.66	DL238	20160408	TRUE	TRUE
ECA1069	146.965	ECA1069	20200815	TRUE	TRUE
ECA1070	174.082	ECA1074	20200815	FALSE	TRUE
ECA1071	107.692	ECA1074	20200815	FALSE	TRUE
ECA1072	99.6476	ECA1074	20200815	FALSE	TRUE
ECA1073	110.184	ECA1074	20200815	FALSE	TRUE
ECA1074	110.873	ECA1074	20200815	TRUE	TRUE
ECA1184	180.965	ECA1185	20210121	FALSE	TRUE
ECA1185	164.045	ECA1185	20200815	TRUE	TRUE
ECA1186	186.729	ECA1186	20200815	TRUE	TRUE
ECA1187	174.2	ECA1187	20210121	TRUE	TRUE
ECA1188	188.4	ECA1187	20210121	FALSE	TRUE
ECA1189	177.104	ECA1187	20210121	FALSE	TRUE
ECA1190	172.534	ECA1187	20210121	FALSE	TRUE
ECA1191	171.385	ECA1191	20200815	TRUE	TRUE
ECA1192	173.38	ECA1192	20210121	TRUE	TRUE
ECA1193	164.512	ECA1193	20200815	TRUE	TRUE
ECA1194	186.798	ECA1194	20200815	TRUE	TRUE
ECA1195	173.851	ECA1195	20200815	TRUE	TRUE
ECA1196	180.221	ECA1196	20210121	TRUE	TRUE
ECA1197	178.017	ECA1237	20210121	FALSE	TRUE
ECA1198	183.017	ECA1237	20210121	FALSE	TRUE
ECA1199	177.928	ECA1238	20210121	FALSE	TRUE
ECA1200	201.591	ECA1200	20210121	TRUE	TRUE
ECA1201	163.518	ECA1202	20200815	FALSE	TRUE
ECA1202	166.127	ECA1202	20210121	TRUE	TRUE
ECA1203	195.435	ECA1208	20200815	FALSE	TRUE
ECA1204	201.594	ECA1208	20210121	FALSE	TRUE
ECA1205	182.769	ECA1208	20200815	FALSE	TRUE
ECA1206	157.683	ECA1206	20210121	TRUE	TRUE
ECA1207	205.078	ECA1208	20210121	FALSE	TRUE
ECA1208	190.733	ECA1208	20200815	TRUE	TRUE
ECA1209	212.972	ECA1212	20210121	FALSE	TRUE
ECA1210	184.083	ECA744	20210121	FALSE	TRUE
ECA1211	194.319	ECA1212	20210121	FALSE	TRUE
ECA1212	163.639	ECA1212	20200815	TRUE	TRUE
ECA1213	161.74	ECA744	20200815	FALSE	TRUE
ECA1214	159.195	ECA744	20200815	FALSE	TRUE
ECA1215	161.291	ECA1216	20200815	FALSE	TRUE
ECA1216	163.021	ECA1216	20200815	TRUE	TRUE
ECA1217	144.157	ECA1216	20200815	FALSE	TRUE
ECA1218	164.716	ECA1216	20200815	FALSE	TRUE
ECA1220	196.25	ECA812	20200815	FALSE	TRUE
ECA1221	191.466	ECA812	20200815	FALSE	TRUE
ECA1222	151.614	ECA1225	20200815	FALSE	TRUE
ECA1223	161.018	ECA1223	20200815	TRUE	TRUE
ECA1224	181.227	ECA1223	20200815	FALSE	TRUE
ECA1225	157.596	ECA1225	20200815	TRUE	TRUE
ECA1226	199.713	ECA1225	20200815	FALSE	TRUE
ECA1227	192.758	ECA1225	20210121	FALSE	TRUE
ECA1228	168.672	ECA1228	20200815	TRUE	TRUE
ECA1229	157.3	ECA1229	20200815	TRUE	TRUE
ECA1230	157.495	ECA1229	20210121	FALSE	TRUE
ECA1231	161.192	ECA1229	20210121	FALSE	TRUE
ECA1232	187.975	ECA1232	20200815	TRUE	TRUE
ECA1233	160.808	ECA1229	20200815	FALSE	TRUE
ECA1234	163.36	ECA1237	20200815	FALSE	TRUE
ECA1235	181.442	ECA1237	20210121	FALSE	TRUE
ECA1236	161.206	ECA1237	20200815	FALSE	TRUE
ECA1237	167.093	ECA1237	20200815	TRUE	TRUE
ECA1238	181.413	ECA1238	20200815	TRUE	TRUE
ECA1239	181.595	ECA1238	20200815	FALSE	TRUE
ECA1240	186.189	ECA1240	20200815	TRUE	TRUE
ECA1241	161.537	ECA1229	20200815	FALSE	TRUE
ECA1242	160.098	ECA1242	20200815	TRUE	TRUE
ECA1243	182.537	ECA1243	20200815	TRUE	TRUE
ECA1244	205.545	ECA760	20200815	FALSE	TRUE
ECA1245	197.923	ECA760	20200815	FALSE	TRUE
ECA1246	214.422	ECA1247	20200815	FALSE	TRUE
ECA1247	215.468	ECA1247	20200815	TRUE	TRUE
ECA1249	200.722	ECA1255	20210121	FALSE	TRUE
ECA1250	183.408	ECA1251	20200815	FALSE	TRUE
ECA1251	191.272	ECA1251	20200815	TRUE	TRUE
ECA1252	198.444	ECA1252	20210121	TRUE	TRUE
ECA1253	168.465	ECA1253	20200815	TRUE	TRUE
ECA1254	190.098	ECA1257	20210121	FALSE	TRUE
ECA1255	186.518	ECA1255	20200815	TRUE	TRUE
ECA1256	195.659	ECA1255	20200815	FALSE	TRUE
ECA1257	155.7	ECA1257	20200815	TRUE	TRUE
ECA1258	170.725	ECA1257	20200815	FALSE	TRUE
ECA1259	185.067	ECA1260	20200815	FALSE	TRUE
ECA1260	190.72	ECA1260	20200815	TRUE	TRUE
ECA1261	179.577	ECA1261	20200815	TRUE	TRUE
ECA1262	198.842	ECA1281	20200815	FALSE	TRUE
ECA1263	180.704	ECA1281	20200815	FALSE	TRUE
ECA1264	191.107	ECA1281	20200815	FALSE	TRUE
ECA1265	197.602	ECA1288	20200815	FALSE	TRUE
ECA1266	191.994	ECA1288	20200815	FALSE	TRUE
ECA1267	173.278	ECA1269	20200815	FALSE	TRUE
ECA1268	156.234	ECA1269	20200815	FALSE	TRUE
ECA1269	151.908	ECA1269	20200815	TRUE	TRUE
ECA1270	148.683	ECA1271	20200815	FALSE	TRUE
ECA1271	183.973	ECA1271	20200815	TRUE	TRUE
ECA1272	221.01	ECA1247	20200815	FALSE	TRUE
ECA1273	188.22	ECA1281	20200815	FALSE	TRUE
ECA1274	226.915	ECA1247	20200815	FALSE	TRUE
ECA1275	188.624	ECA1281	20200815	FALSE	TRUE
ECA1276	149.408	ECA1276	20200815	TRUE	TRUE
ECA1277	153.585	ECA1276	20200815	FALSE	TRUE
ECA1278	159.498	ECA1278	20200815	TRUE	TRUE
ECA1279	192.3	ECA1281	20200815	FALSE	TRUE
ECA1281	196.408	ECA1281	20200815	TRUE	TRUE
ECA1282	210.358	ECA1281	20200815	FALSE	TRUE
ECA1283	224.339	ECA1283	20200815	TRUE	TRUE
ECA1284	228.611	ECA1284	20200815	TRUE	TRUE
ECA1285	248.3	ECA1284	20200815	FALSE	TRUE
ECA1286	180.034	ECA1286	20200815	TRUE	TRUE
ECA1287	192.076	ECA1287	20200815	TRUE	TRUE
ECA1288	200.148	ECA1288	20200815	TRUE	TRUE
ECA1289	185.315	ECA1289	20200815	TRUE	TRUE
ECA1290	167.6	ECA1286	20200815	FALSE	TRUE
ECA1291	204.125	ECA760	20200815	FALSE	TRUE
ECA1292	192.46	ECA1298	20200815	FALSE	TRUE
ECA1293	167.463	ECA1293	20200815	TRUE	TRUE
ECA1294	175.036	ECA1293	20200815	FALSE	TRUE
ECA1295	192.864	ECA1298	20200815	FALSE	TRUE
ECA1296	194.205	ECA1298	20200815	FALSE	TRUE
ECA1297	213.805	ECA1298	20210121	FALSE	TRUE
ECA1298	195.682	ECA1298	20200815	TRUE	TRUE
ECA1316	267.679	ECA1316	20210121	TRUE	TRUE
ECA1385	246.688	ECA760	20200815	FALSE	TRUE
ECA1389	185.005	ECA1413	20200815	FALSE	TRUE
ECA1391	182.816	ECA1413	20200815	FALSE	TRUE
ECA1409	128.062	ECA1409	20210121	TRUE	TRUE
ECA1413	165.841	ECA1413	20200815	TRUE	TRUE
ECA1415	159.805	ECA1413	20200815	FALSE	TRUE
ECA1441	200.146	ECA724	20200815	FALSE	TRUE
ECA1465	145.384	ECA1493	20200815	FALSE	TRUE
ECA1467	145.414	ECA1493	20200815	FALSE	TRUE
ECA1493	147.224	ECA1493	20200815	TRUE	TRUE
ECA1515	169.051	ECA1493	20200815	FALSE	TRUE
ECA1689	204.998	ECA2111	20210121	FALSE	TRUE
ECA1691	343.774	ECA2111	20210121	FALSE	TRUE
ECA1693	400.873	ECA1693	20210121	TRUE	TRUE
ECA1695	335.564	ECA2111	20210121	FALSE	TRUE
ECA1709	209.688	ECA1713	20210121	FALSE	TRUE
ECA1711	223.245	ECA1713	20210121	FALSE	TRUE
ECA1713	203.541	ECA1713	20210121	TRUE	TRUE
ECA1715	266.627	ECA2151	20210121	FALSE	TRUE
ECA1717	223.561	ECA1717	20210121	TRUE	TRUE
ECA1718	196.466	ECA2151	20210121	FALSE	TRUE
ECA1721	210.171	ECA2151	20210121	FALSE	TRUE
ECA1723	423.843	ECA1851	20210121	FALSE	TRUE
ECA1725	146.093	ECA1725	20210121	TRUE	TRUE
ECA1727	244.545	ECA2159	20210121	FALSE	TRUE
ECA1729	258.1	ECA2159	20210121	FALSE	TRUE
ECA1731	74.0547	ECA1769	20210121	FALSE	TRUE
ECA1733	225.16	ECA1751	20210121	FALSE	TRUE
ECA1735	297.786	ECA1751	20210121	FALSE	TRUE
ECA1737	368.03	ECA1751	20210121	FALSE	TRUE
ECA1739	155.96	ECA2091	20210121	FALSE	TRUE
ECA1741	386.906	ECA1751	20210121	FALSE	TRUE
ECA1743	162.31	ECA1761	20210121	FALSE	TRUE
ECA1745	219.925	ECA1751	20210121	FALSE	TRUE
ECA1747	398.474	ECA1751	20210121	FALSE	TRUE
ECA1749	416.789	ECA1751	20210121	FALSE	TRUE
ECA1751	531.584	ECA1751	20210121	TRUE	TRUE
ECA1753	343	ECA1751	20210121	FALSE	TRUE
ECA1755	158.376	ECA1757	20210121	FALSE	TRUE
ECA1757	162.149	ECA1757	20210121	TRUE	TRUE
ECA1759	208.938	ECA1853	20210121	FALSE	TRUE
ECA1761	149.926	ECA1761	20210121	TRUE	TRUE
ECA1763	199.435	ECA1761	20210121	FALSE	TRUE
ECA1765	146.881	ECA1761	20210121	FALSE	TRUE
ECA1767	204.393	ECA1761	20210121	FALSE	TRUE
ECA1769	277.593	ECA1769	20210121	TRUE	TRUE
ECA1771	320.054	ECA1769	20210121	FALSE	TRUE
ECA1779	332.648	ECA1281	20210121	FALSE	TRUE
ECA1781	200.186	ECA1281	20210121	FALSE	TRUE
ECA1783	383.024	ECA1281	20210121	FALSE	TRUE
ECA1785	193.608	ECA2377	20210121	FALSE	TRUE
ECA1787	180.894	ECA2081	20210121	FALSE	TRUE
ECA1789	314.269	ECA2081	20210121	FALSE	TRUE
ECA1791	177.484	ECA2443	20210121	FALSE	TRUE
ECA1793	171.629	ECA1793	20210121	TRUE	TRUE
ECA1795	172.964	ECA1769	20210121	FALSE	TRUE
ECA1797	187.669	ECA1769	20210121	FALSE	TRUE
ECA1799	403.412	ECA1805	20210121	FALSE	TRUE
ECA1801	337.663	ECA1805	20210121	FALSE	TRUE
ECA1803	351.261	ECA1805	20210121	FALSE	TRUE
ECA1805	373.152	ECA1805	20210121	TRUE	TRUE
ECA1807	240.125	ECA1807	20210121	TRUE	TRUE
ECA1809	256.824	ECA1815	20210121	FALSE	TRUE
ECA1811	249.495	ECA1815	20210121	FALSE	TRUE
ECA1813	313.048	ECA1815	20210121	FALSE	TRUE
ECA1815	278.289	ECA1815	20210121	TRUE	TRUE
ECA1817	264.404	ECA1815	20210121	FALSE	TRUE
ECA1819	278.341	ECA1815	20210121	FALSE	TRUE
ECA1821	263.668	ECA1821	20210121	TRUE	TRUE
ECA1823	230.569	ECA1821	20210121	FALSE	TRUE
ECA1825	448.122	ECA1825	20210121	TRUE	TRUE
ECA1827	198.531	ECA2336	20210121	FALSE	TRUE
ECA1829	195.435	ECA2336	20210121	FALSE	TRUE
ECA1831	90.9147	ECA1825	20210121	FALSE	TRUE
ECA1833	190.212	ECA2336	20210121	FALSE	TRUE
ECA1835	97.9236	ECA1843	20210121	FALSE	TRUE
ECA1837	158.259	ECA1843	20210121	FALSE	TRUE
ECA1839	136.872	ECA1843	20210121	FALSE	TRUE
ECA1841	92.3378	ECA1843	20210121	FALSE	TRUE
ECA1843	119.521	ECA1843	20210121	TRUE	TRUE
ECA1845	232.651	ECA1885	20210121	FALSE	TRUE
ECA1847	368.833	ECA1885	20210121	FALSE	TRUE
ECA1849	391.381	ECA1885	20210121	FALSE	TRUE
ECA1851	369.854	ECA1851	20210121	TRUE	TRUE
ECA1853	235.535	ECA1853	20210121	TRUE	TRUE
ECA1855	201.339	ECA1853	20210121	FALSE	TRUE
ECA1857	197.6	ECA1853	20210121	FALSE	TRUE
ECA1859	154.102	ECA1853	20210121	FALSE	TRUE
ECA1861	114.051	ECA1919	20210121	FALSE	TRUE
ECA1863	182.52	ECA1919	20210121	FALSE	TRUE
ECA1865	213.705	ECA1919	20210121	FALSE	TRUE
ECA1867	221.837	ECA1919	20210121	FALSE	TRUE
ECA1869	398.372	ECA1919	20210121	FALSE	TRUE
ECA1871	409.797	ECA1919	20210121	FALSE	TRUE
ECA1873	372.342	ECA1901	20210121	FALSE	TRUE
ECA1875	477.507	ECA1875	20210121	TRUE	TRUE
ECA1877	153.012	ECA2336	20210121	FALSE	TRUE
ECA1878	168.942	ECA741	20210121	FALSE	TRUE
ECA1885	194.177	ECA1885	20210121	TRUE	TRUE
ECA1887	180.744	ECA1887	20210121	TRUE	TRUE
ECA1889	198.232	ECA1889	20210121	TRUE	TRUE
ECA189	358.412	ECA189	20170531	TRUE	TRUE
ECA1891	173.925	ECA1891	20210121	TRUE	TRUE
ECA1895	366.523	ECA2482	20210121	FALSE	TRUE
ECA1897	304.785	ECA1887	20210121	FALSE	TRUE
ECA190	409.494	ECA189	20170531	FALSE	TRUE
ECA1901	293.682	ECA1901	20210121	TRUE	TRUE
ECA1903	442.778	ECA1889	20210121	FALSE	TRUE
ECA1907	165.687	ECA2336	20210121	FALSE	TRUE
ECA1909	180.521	ECA2473	20210121	FALSE	TRUE
ECA191	219.639	ECA191	20170531	TRUE	TRUE
ECA1911	155.34	ECA2473	20210121	FALSE	TRUE
ECA1913	158.361	ECA2443	20210121	FALSE	TRUE
ECA1915	162.842	ECA2443	20210121	FALSE	TRUE
ECA1917	208.431	ECA2443	20210121	FALSE	TRUE
ECA1919	250.941	ECA1919	20210121	TRUE	TRUE
ECA192	373.173	ECA189	20170531	FALSE	TRUE
ECA1921	225.397	ECA1919	20210121	FALSE	TRUE
ECA1923	198.384	ECA1919	20210121	FALSE	TRUE
ECA1925	250.467	ECA1925	20210121	TRUE	TRUE
ECA1927	199.255	ECA1919	20210121	FALSE	TRUE
ECA1929	384.076	ECA1919	20210121	FALSE	TRUE
ECA193	273.233	ECA189	20170531	FALSE	TRUE
ECA1931	389.997	ECA1875	20210121	FALSE	TRUE
ECA1933	349.748	ECA1875	20210121	FALSE	TRUE
ECA1935	430.266	ECA1919	20210121	FALSE	TRUE
ECA1937	286.893	ECA1937	20210121	TRUE	TRUE
ECA1939	582.012	ECA1939	20210121	TRUE	TRUE
ECA1943	452.431	ECA1943	20210121	TRUE	TRUE
ECA1951	556.824	ECA1939	20210121	FALSE	TRUE
ECA1953	531.01	ECA1939	20210121	FALSE	TRUE
ECA1967	202.405	ECA1977	20210121	FALSE	TRUE
ECA1969	159.57	ECA1969	20210121	TRUE	TRUE
ECA1971	333.158	ECA1977	20210121	FALSE	TRUE
ECA1973	384.527	ECA1206	20210121	FALSE	TRUE
ECA1975	180.467	ECA1281	20210121	FALSE	TRUE
ECA1977	186.41	ECA1977	20210121	TRUE	TRUE
ECA1979	514.354	ECA1206	20210121	FALSE	TRUE
ECA1981	181.333	ECA1977	20210121	FALSE	TRUE
ECA1983	193.655	ECA1206	20210121	FALSE	TRUE
ECA1985	185.529	ECA1977	20210121	FALSE	TRUE
ECA1987	411.331	ECA1281	20210121	FALSE	TRUE
ECA1989	196.286	ECA1281	20210121	FALSE	TRUE
ECA1991	207.725	ECA1281	20210121	FALSE	TRUE
ECA1995	169.582	ECA1997	20210121	FALSE	TRUE
ECA1997	328.854	ECA1997	20210121	TRUE	TRUE
ECA2041	247.684	ECA2041	20210121	TRUE	TRUE
ECA2043	286.486	ECA2043	20210121	TRUE	TRUE
ECA2065	362.815	ECA2073	20210121	FALSE	TRUE
ECA2067	316.775	ECA2073	20210121	FALSE	TRUE
ECA2069	354.473	ECA2073	20210121	FALSE	TRUE
ECA2071	309.223	ECA2073	20210121	FALSE	TRUE
ECA2073	326.209	ECA2073	20210121	TRUE	TRUE
ECA2075	288.329	ECA2073	20210121	FALSE	TRUE
ECA2079	341.919	ECA2081	20210121	FALSE	TRUE
ECA2081	369.64	ECA2081	20210121	TRUE	TRUE
ECA2085	385.757	ECA2081	20210121	FALSE	TRUE
ECA2091	187.167	ECA2091	20210121	TRUE	TRUE
ECA2095	141.027	ECA2195	20210121	FALSE	TRUE
ECA2097	119.224	ECA2195	20210121	FALSE	TRUE
ECA2099	335.857	ECA2151	20210121	FALSE	TRUE
ECA2101	188.106	ECA2091	20210121	FALSE	TRUE
ECA2103	200.646	ECA2091	20210121	FALSE	TRUE
ECA2107	176.223	ECA2111	20210121	FALSE	TRUE
ECA2109	195.342	ECA2109	20210121	TRUE	TRUE
ECA2111	154.159	ECA2111	20210121	TRUE	TRUE
ECA2117	202.207	ECA2151	20210121	FALSE	TRUE
ECA2119	177.173	ECA2119	20210121	TRUE	TRUE
ECA2121	150.573	ECA1793	20210121	FALSE	TRUE
ECA2122	195.111	ECA2151	20210121	FALSE	TRUE
ECA2125	221.787	ECA2281	20210121	FALSE	TRUE
ECA2127	192.778	ECA2151	20210121	FALSE	TRUE
ECA2131	222.41	ECA2151	20210121	FALSE	TRUE
ECA2135	163.868	ECA2187	20210121	FALSE	TRUE
ECA2139	165.726	ECA2187	20210121	FALSE	TRUE
ECA2143	186.392	ECA2151	20210121	FALSE	TRUE
ECA2147	188.517	ECA2151	20210121	FALSE	TRUE
ECA2151	194.635	ECA2151	20210121	TRUE	TRUE
ECA2155	206.485	ECA2155	20210121	TRUE	TRUE
ECA2159	196.021	ECA2159	20210121	TRUE	TRUE
ECA2163	202.763	ECA2159	20210121	FALSE	TRUE
ECA2167	205.152	ECA2151	20210121	FALSE	TRUE
ECA2171	207.763	ECA2151	20210121	FALSE	TRUE
ECA2175	196.961	ECA2151	20210121	FALSE	TRUE
ECA2179	176.656	ECA2187	20210121	FALSE	TRUE
ECA2183	141.182	ECA2183	20210121	TRUE	TRUE
ECA2187	168.804	ECA2187	20210121	TRUE	TRUE
ECA2191	164.556	ECA2191	20210121	TRUE	TRUE
ECA2195	128.061	ECA2195	20210121	TRUE	TRUE
ECA2199	226.066	ECA2199	20210121	TRUE	TRUE
ECA2203	137.108	ECA2195	20210121	FALSE	TRUE
ECA2207	126.144	ECA2195	20210121	FALSE	TRUE
ECA2247	520.646	ECA2489	20210121	FALSE	TRUE
ECA2249	344.075	ECA2473	20210121	FALSE	TRUE
ECA2251	510.723	ECA2251	20210121	TRUE	TRUE
ECA2253	313.824	ECA2482	20210121	FALSE	TRUE
ECA2255	338.87	ECA2473	20210121	FALSE	TRUE
ECA2281	195.554	ECA2281	20210121	TRUE	TRUE
ECA2283	208.246	ECA2281	20210121	FALSE	TRUE
ECA2285	214.749	ECA2281	20210121	FALSE	TRUE
ECA2287	196.675	ECA2281	20210121	FALSE	TRUE
ECA2289	145.761	ECA2336	20210121	FALSE	TRUE
ECA2291	150.283	ECA2291	20210121	TRUE	TRUE
ECA2307	138.804	ECA741	20210121	FALSE	TRUE
ECA2309	206.974	ECA2091	20210121	FALSE	TRUE
ECA2311	226.418	ECA2091	20210121	FALSE	TRUE
ECA2313	198.847	ECA2091	20210121	FALSE	TRUE
ECA2315	204.347	ECA2091	20210121	FALSE	TRUE
ECA2319	157.894	ECA2336	20210121	FALSE	TRUE
ECA2321	175.925	ECA1757	20210121	FALSE	TRUE
ECA2322	255.957	ECA1757	20210121	FALSE	TRUE
ECA2324	383.489	ECA1853	20210121	FALSE	TRUE
ECA2326	404.812	ECA2332	20210121	FALSE	TRUE
ECA2328	357.479	ECA2332	20210121	FALSE	TRUE
ECA2330	325.549	ECA2332	20210121	FALSE	TRUE
ECA2332	400.119	ECA2332	20210121	TRUE	TRUE
ECA2334	455.298	ECA2334	20210121	TRUE	TRUE
ECA2336	156.702	ECA2336	20210121	TRUE	TRUE
ECA2338	211.275	ECA2336	20210121	FALSE	TRUE
ECA2340	411.295	ECA2334	20210121	FALSE	TRUE
ECA2342	350.028	ECA2344	20210121	FALSE	TRUE
ECA2344	351.095	ECA2344	20210121	TRUE	TRUE
ECA2348	229.508	ECA2350	20210121	FALSE	TRUE
ECA2350	244.984	ECA2350	20210121	TRUE	TRUE
ECA2352	260.942	ECA2350	20210121	FALSE	TRUE
ECA2354	208.53	ECA2360	20210121	FALSE	TRUE
ECA2356	247.068	ECA2360	20210121	FALSE	TRUE
ECA2358	284.032	ECA2360	20210121	FALSE	TRUE
ECA2360	172.464	ECA2360	20210121	TRUE	TRUE
ECA2362	271.887	ECA2360	20210121	FALSE	TRUE
ECA2365	119.588	ECA363	20210121	FALSE	TRUE
ECA2367	112.947	ECA2367	20210121	TRUE	TRUE
ECA2375	168.001	ECA2377	20210121	FALSE	TRUE
ECA2377	177.042	ECA2377	20210121	TRUE	TRUE
ECA2401	101.395	ECA2473	20210121	FALSE	TRUE
ECA2403	171.361	ECA2473	20210121	FALSE	TRUE
ECA2405	182.118	ECA2473	20210121	FALSE	TRUE
ECA2413	196.586	ECA2417	20210121	FALSE	TRUE
ECA2415	191.105	ECA2417	20210121	FALSE	TRUE
ECA2417	214.894	ECA2417	20210121	TRUE	TRUE
ECA2419	250.667	ECA2417	20210121	FALSE	TRUE
ECA2421	212.801	ECA2417	20210121	FALSE	TRUE
ECA2423	247.703	ECA2417	20210121	FALSE	TRUE
ECA2429	184.874	ECA1281	20210121	FALSE	TRUE
ECA243	291.623	CB4851	20160408	TRUE	TRUE
ECA2431	221.48	ECA1281	20210121	FALSE	TRUE
ECA2433	189.764	ECA1281	20210121	FALSE	TRUE
ECA2435	200.489	ECA1281	20210121	FALSE	TRUE
ECA2437	201.139	ECA2437	20210121	TRUE	TRUE
ECA2439	186.711	ECA1281	20210121	FALSE	TRUE
ECA2443	158.036	ECA2443	20210121	TRUE	TRUE
ECA2445	154.697	ECA2443	20210121	FALSE	TRUE
ECA245	141.103	CB4853	20160408	FALSE	TRUE
ECA2452	170.454	ECA2452	20210121	TRUE	TRUE
ECA246	173.57	CB4853	20160408	TRUE	TRUE
ECA2467	235.934	ECA2467	20210121	TRUE	TRUE
ECA2473	201.094	ECA2473	20210121	TRUE	TRUE
ECA2475	150.615	ECA2475	20210121	TRUE	TRUE
ECA2477	98.7095	ECA2475	20210121	FALSE	TRUE
ECA2479	156.244	ECA2475	20210121	FALSE	TRUE
ECA248	776.782	CB4855	20160408	TRUE	TRUE
ECA2481	222.352	ECA2481	20210121	TRUE	TRUE
ECA2482	195.748	ECA2482	20210121	TRUE	TRUE
ECA2485	164.162	ECA2475	20210121	FALSE	TRUE
ECA2487	158.089	ECA2475	20210121	FALSE	TRUE
ECA2489	210.159	ECA2489	20210121	TRUE	TRUE
ECA249	226.347	CB4857	20160408	FALSE	TRUE
ECA250	305.117	CB4857	20160408	TRUE	TRUE
ECA251	636.56	CB4858	20160408	TRUE	TRUE
ECA2521	190.072	ECA2533	20210121	FALSE	TRUE
ECA2522	218.969	ECA2522	20210121	TRUE	TRUE
ECA2523	186.951	ECA2523	20210121	TRUE	TRUE
ECA2524	171.228	ECA2523	20210121	FALSE	TRUE
ECA2525	235.09	ECA2533	20210121	FALSE	TRUE
ECA2526	254.188	ECA2536	20210121	FALSE	TRUE
ECA2527	222.139	ECA2527	20210121	TRUE	TRUE
ECA2528	195.643	ECA2527	20210121	FALSE	TRUE
ECA2529	271.147	ECA2529	20210121	TRUE	TRUE
ECA253	314.315	N2	20160408	FALSE	TRUE
ECA2532	220.047	ECA2533	20210121	FALSE	TRUE
ECA2533	234.845	ECA2533	20210121	TRUE	TRUE
ECA2534	258.119	ECA2533	20210121	FALSE	TRUE
ECA2535	251.366	ECA2536	20210121	FALSE	TRUE
ECA2536	245.156	ECA2536	20210121	TRUE	TRUE
ECA2537	226.161	ECA2533	20210121	FALSE	TRUE
ECA254	108.039	N2	20160408	FALSE	TRUE
ECA2546	169.611	ECA2546	20210121	TRUE	TRUE
ECA2547	137.739	ECA2546	20210121	FALSE	TRUE
ECA2548	165.993	ECA2672	20210121	FALSE	TRUE
ECA2549	184.205	ECA2549	20210121	TRUE	TRUE
ECA2550	171.346	ECA2551	20210121	FALSE	TRUE
ECA2551	157.35	ECA2551	20210121	TRUE	TRUE
ECA2552	164.788	ECA2672	20210121	FALSE	TRUE
ECA2553	149.377	ECA2551	20210121	FALSE	TRUE
ECA2554	170.71	ECA2554	20210121	TRUE	TRUE
ECA2555	166.599	ECA2555	20210121	TRUE	TRUE
ECA2556	257.248	ECA2559	20210121	FALSE	TRUE
ECA2557	240.109	ECA2559	20210121	FALSE	TRUE
ECA2558	235.233	ECA2609	20210121	FALSE	TRUE
ECA2559	225.282	ECA2559	20210121	TRUE	TRUE
ECA2560	176.048	ECA2560	20210121	TRUE	TRUE
ECA2561	154.296	ECA2561	20210121	TRUE	TRUE
ECA2562	189.773	ECA2565	20210121	FALSE	TRUE
ECA2563	187.961	ECA2565	20210121	FALSE	TRUE
ECA2564	174.241	ECA2565	20210121	FALSE	TRUE
ECA2565	173.401	ECA2565	20210121	TRUE	TRUE
ECA2566	182.389	ECA2565	20210121	FALSE	TRUE
ECA2567	173.235	ECA2565	20210121	FALSE	TRUE
ECA2568	171.8	ECA2568	20210121	TRUE	TRUE
ECA2569	140.503	ECA2603	20210121	FALSE	TRUE
ECA2570	153.151	ECA2561	20210121	FALSE	TRUE
ECA2571	252.298	ECA2581	20210121	FALSE	TRUE
ECA2572	262.107	ECA2581	20210121	FALSE	TRUE
ECA2573	225.129	ECA2581	20210121	FALSE	TRUE
ECA2574	168.681	ECA2603	20210121	FALSE	TRUE
ECA2575	173.668	ECA2603	20210121	FALSE	TRUE
ECA2576	158.142	ECA2676	20210121	FALSE	TRUE
ECA2577	163.954	ECA2603	20210121	FALSE	TRUE
ECA2578	169.981	ECA2603	20210121	FALSE	TRUE
ECA2579	145.206	ECA2561	20210121	FALSE	TRUE
ECA2580	162.624	ECA2561	20210121	FALSE	TRUE
ECA2581	232.959	ECA2581	20210121	TRUE	TRUE
ECA2582	124.598	ECA2546	20210121	FALSE	TRUE
ECA2583	184.3	ECA2583	20210121	TRUE	TRUE
ECA2584	184.655	ECA2584	20210121	TRUE	TRUE
ECA2585	165.447	ECA2672	20210121	FALSE	TRUE
ECA2586	194.355	ECA2584	20210121	FALSE	TRUE
ECA2589	167.975	ECA2594	20210121	FALSE	TRUE
ECA259	305.644	PB306	20160408	TRUE	TRUE
ECA2590	181.158	ECA2595	20210121	FALSE	TRUE
ECA2591	161.979	ECA2594	20210121	FALSE	TRUE
ECA2592	167.431	ECA2594	20210121	FALSE	TRUE
ECA2593	158.348	ECA2595	20210121	FALSE	TRUE
ECA2594	168.598	ECA2594	20210121	TRUE	TRUE
ECA2595	151.803	ECA2595	20210121	TRUE	TRUE
ECA2596	182.771	ECA2584	20210121	FALSE	TRUE
ECA2597	142.475	ECA2584	20210121	FALSE	TRUE
ECA2598	165.557	ECA2603	20210121	FALSE	TRUE
ECA2599	283.641	ECA2601	20210121	FALSE	TRUE
ECA2600	335.25	ECA2601	20210121	FALSE	TRUE
ECA2601	279.607	ECA2601	20210121	TRUE	TRUE
ECA2602	246.447	ECA2602	20210121	TRUE	TRUE
ECA2603	148.366	ECA2603	20210121	TRUE	TRUE
ECA2605	209.793	ECA2595	20210121	FALSE	TRUE
ECA2606	211.462	ECA2594	20210121	FALSE	TRUE
ECA2607	253.961	ECA2607	20210121	TRUE	TRUE
ECA2608	237.287	ECA2672	20210121	FALSE	TRUE
ECA2609	220.032	ECA2609	20210121	TRUE	TRUE
ECA2610	245.385	ECA2609	20210121	FALSE	TRUE
ECA2611	246.276	ECA2660	20210121	FALSE	TRUE
ECA2612	473.624	ECA2612	20210121	TRUE	TRUE
ECA2615	160.934	ECA2615	20210121	TRUE	TRUE
ECA2641	161.704	ECA2641	20210121	TRUE	TRUE
ECA2642	158.84	ECA2641	20210121	FALSE	TRUE
ECA2643	199.662	ECA2551	20210121	FALSE	TRUE
ECA2644	159.152	ECA2641	20210121	FALSE	TRUE
ECA2648	245.468	ECA2648	20210121	TRUE	TRUE
ECA2649	231.714	ECA2551	20210121	FALSE	TRUE
ECA2650	242.395	ECA2603	20210121	FALSE	TRUE
ECA2651	185.427	ECA2561	20210121	FALSE	TRUE
ECA2652	204.613	ECA2594	20210121	FALSE	TRUE
ECA2653	194.293	ECA2595	20210121	FALSE	TRUE
ECA2654	570.849	ECA2602	20210121	FALSE	TRUE
ECA2656	542.755	ECA2656	20210121	TRUE	TRUE
ECA2657	238.955	ECA2672	20210121	FALSE	TRUE
ECA2658	468.666	ECA2612	20210121	FALSE	TRUE
ECA2659	239.635	ECA2659	20210121	TRUE	TRUE
ECA2660	170.212	ECA2660	20210121	TRUE	TRUE
ECA2672	167.447	ECA2672	20210121	TRUE	TRUE
ECA2673	115.886	ECA2551	20210121	FALSE	TRUE
ECA2674	148.06	ECA2551	20210121	FALSE	TRUE
ECA2675	213.879	ECA2609	20210121	FALSE	TRUE
ECA2676	150.853	ECA2676	20210121	TRUE	TRUE
ECA347	234.945	ECA347	20180413	TRUE	TRUE
ECA348	412.149	ECA348	20170531	TRUE	TRUE
ECA349	482.616	ECA349	20170531	TRUE	TRUE
ECA350	474.02	ECA349	20170531	FALSE	TRUE
ECA36	377.661	ECA36	20160408	TRUE	TRUE
ECA363	177.413	ECA363	20170531	TRUE	TRUE
ECA369	838.442	ECA369	20170531	TRUE	TRUE
ECA372	224.632	ECA372	20170531	TRUE	TRUE
ECA393	252.616	ECA189	20170531	FALSE	TRUE
ECA394	226.544	ECA189	20180413	FALSE	TRUE
ECA395	254.842	ECA189	20170531	FALSE	TRUE
ECA396	200.312	ECA396	20170531	TRUE	TRUE
ECA397	179.715	ECA396	20170531	FALSE	TRUE
ECA398	378.634	ECA396	20170531	FALSE	TRUE
ECA399	201.186	ECA396	20170531	FALSE	TRUE
ECA551	99.4815	JU311	20170531	FALSE	TRUE
ECA552	98.9053	MY2573	20180413	FALSE	TRUE
ECA571	99.0309	ED3073	20180413	FALSE	TRUE
ECA572	113.137	ED3073	20180413	FALSE	TRUE
ECA589	111.801	JU1395	20160408	FALSE	TRUE
ECA592	78.5206	ECA592	20180413	TRUE	TRUE
ECA593	331.307	ECA593	20180413	TRUE	TRUE
ECA594	128.076	ECA594	20180413	TRUE	TRUE
ECA615	127.391	JU1581	20170531	FALSE	TRUE
ECA616	75.4958	JU1530	20160408	FALSE	TRUE
ECA640	297.61	ECA640	20180413	TRUE	TRUE
ECA694	244.587	ECA348	20210121	FALSE	TRUE
ECA695	230.498	ECA348	20210121	FALSE	TRUE
ECA701	185.55	ECA701	20180413	TRUE	TRUE
ECA702	173.578	ECA701	20180413	FALSE	TRUE
ECA703	377.118	ECA703	20180413	TRUE	TRUE
ECA704	231.606	ECA812	20180413	FALSE	TRUE
ECA705	184.055	ECA705	20180413	TRUE	TRUE
ECA706	155.953	ECA706	20180413	TRUE	TRUE
ECA707	272.078	ECA778	20180413	FALSE	TRUE
ECA708	252.786	ECA778	20180413	FALSE	TRUE
ECA709	235.21	ECA778	20180413	FALSE	TRUE
ECA710	162.126	ECA710	20180413	TRUE	TRUE
ECA711	263.941	ECA712	20180413	FALSE	TRUE
ECA712	261.115	ECA712	20180413	TRUE	TRUE
ECA713	235.413	ECA712	20180413	FALSE	TRUE
ECA714	214.476	ECA712	20180413	FALSE	TRUE
ECA715	248.856	ECA712	20180413	FALSE	TRUE
ECA716	235.515	ECA807	20180413	FALSE	TRUE
ECA717	172.356	ECA807	20180413	FALSE	TRUE
ECA718	145.153	ECA807	20180413	FALSE	TRUE
ECA719	235.801	ECA812	20180413	FALSE	TRUE
ECA720	242.626	ECA807	20180413	FALSE	TRUE
ECA721	140.129	ECA778	20180413	FALSE	TRUE
ECA722	136.981	ECA722	20180413	TRUE	TRUE
ECA723	169.697	ECA723	20180413	TRUE	TRUE
ECA724	192.832	ECA724	20180413	TRUE	TRUE
ECA725	218.722	ECA724	20180413	FALSE	TRUE
ECA726	230.169	ECA724	20180413	FALSE	TRUE
ECA727	259.086	ECA724	20180413	FALSE	TRUE
ECA728	158.415	ECA723	20180413	FALSE	TRUE
ECA729	198.609	ECA723	20180413	FALSE	TRUE
ECA730	234.545	ECA730	20180413	TRUE	TRUE
ECA731	176.394	ECA733	20180413	FALSE	TRUE
ECA732	170.152	ECA732	20180413	TRUE	TRUE
ECA733	189.802	ECA733	20180413	TRUE	TRUE
ECA734	162.769	ECA738	20180413	FALSE	TRUE
ECA735	174.583	ECA738	20180413	FALSE	TRUE
ECA736	177.343	ECA738	20180413	FALSE	TRUE
ECA737	183.716	ECA738	20180413	FALSE	TRUE
ECA738	165.122	ECA738	20180413	TRUE	TRUE
ECA739	277.511	ECA760	20180413	FALSE	TRUE
ECA740	57.2268	ECA740	20180413	TRUE	TRUE
ECA741	129.258	ECA741	20180413	TRUE	TRUE
ECA742	136.279	ECA742	20180413	TRUE	TRUE
ECA743	166.817	ECA743	20180413	TRUE	TRUE
ECA744	195.706	ECA744	20180413	TRUE	TRUE
ECA745	152.21	ECA745	20180413	TRUE	TRUE
ECA746	226.522	ECA746	20180413	TRUE	TRUE
ECA747	154.119	ECA745	20180413	FALSE	TRUE
ECA748	229.07	ECA812	20180413	FALSE	TRUE
ECA749	281.503	ECA760	20180413	FALSE	TRUE
ECA750	243.263	ECA812	20180413	FALSE	TRUE
ECA751	179.326	ECA812	20180413	FALSE	TRUE
ECA752	236.011	ECA760	20180413	FALSE	TRUE
ECA753	238.303	ECA760	20180413	FALSE	TRUE
ECA754	171.425	ECA760	20180413	FALSE	TRUE
ECA755	184.916	ECA812	20180413	FALSE	TRUE
ECA756	111.351	ECA778	20180413	FALSE	TRUE
ECA757	333.642	ECA778	20180413	FALSE	TRUE
ECA758	166.177	ECA760	20180413	FALSE	TRUE
ECA759	174.798	ECA812	20180413	FALSE	TRUE
ECA760	232.734	ECA760	20180413	TRUE	TRUE
ECA761	181.399	ECA812	20180413	FALSE	TRUE
ECA762	189.837	ECA812	20180413	FALSE	TRUE
ECA763	267.406	ECA778	20180413	FALSE	TRUE
ECA764	242.939	ECA778	20180413	FALSE	TRUE
ECA765	231.686	ECA778	20180413	FALSE	TRUE
ECA766	252.49	ECA778	20180413	FALSE	TRUE
ECA767	184.286	ECA778	20180413	FALSE	TRUE
ECA768	128.973	ECA768	20180413	TRUE	TRUE
ECA769	218.131	ECA760	20180413	FALSE	TRUE
ECA770	138.544	ECA807	20180413	FALSE	TRUE
ECA771	129.283	ECA812	20180413	FALSE	TRUE
ECA772	163.414	ECA768	20180413	FALSE	TRUE
ECA773	162.498	ECA812	20180413	FALSE	TRUE
ECA774	111.03	ECA812	20180413	FALSE	TRUE
ECA775	176.796	ECA812	20180413	FALSE	TRUE
ECA776	207.818	ECA812	20180413	FALSE	TRUE
ECA777	248.311	ECA777	20180413	TRUE	TRUE
ECA778	293.537	ECA778	20180413	TRUE	TRUE
ECA779	131.785	ECA760	20180413	FALSE	TRUE
ECA780	214.756	ECA760	20180413	FALSE	TRUE
ECA781	275.922	ECA778	20180413	FALSE	TRUE
ECA782	185.623	ECA812	20180413	FALSE	TRUE
ECA783	218.67	ECA812	20180413	FALSE	TRUE
ECA784	245.485	ECA760	20180413	FALSE	TRUE
ECA785	287.694	ECA760	20180413	FALSE	TRUE
ECA786	183.557	ECA812	20180413	FALSE	TRUE
ECA787	145.487	ECA812	20180413	FALSE	TRUE
ECA807	220.949	ECA807	20180413	TRUE	TRUE
ECA808	208.545	ECA760	20180413	FALSE	TRUE
ECA809	211.645	ECA812	20180413	FALSE	TRUE
ECA810	281.856	ECA778	20180413	FALSE	TRUE
ECA811	258.371	ECA778	20180413	FALSE	TRUE
ECA812	181.12	ECA812	20180413	TRUE	TRUE
ECA813	179.274	ECA812	20180413	FALSE	TRUE
ECA822	149.434	ECA705	20180413	FALSE	TRUE
ECA922	145.454	ECA923	20180413	FALSE	TRUE
ECA923	131.916	ECA923	20180413	TRUE	TRUE
ECA924	155.647	ECA923	20180413	FALSE	TRUE
ECA925	131.937	ECA923	20180413	FALSE	TRUE
ECA926	336.093	ECA928	20180413	FALSE	TRUE
ECA927	154.362	ECA923	20180413	FALSE	TRUE
ECA928	379.041	ECA928	20180413	TRUE	TRUE
ECA930	296.672	ECA930	20180413	TRUE	TRUE
ED3005	138.365	ED3005	20160408	TRUE	TRUE
ED3011	781.674	ED3011	20160408	TRUE	TRUE
ED3012	467.155	ED3012	20160408	TRUE	TRUE
ED3017	279.65	ED3017	20160408	TRUE	TRUE
ED3040	154.702	ED3040	20160408	TRUE	TRUE
ED3046	265.927	ED3046	20160408	TRUE	TRUE
ED3048	215.438	ED3048	20160408	TRUE	TRUE
ED3049	607.784	ED3049	20160408	TRUE	TRUE
ED3052	91.6412	ED3052	20160408	TRUE	TRUE
ED3073	184.585	ED3073	20160408	TRUE	TRUE
ED3077	147.392	ED3077	20160408	TRUE	TRUE
EG4347	337.045	EG4347	20160408	TRUE	TRUE
EG4349	108.425	EG4349	20160408	TRUE	TRUE
EG4724	406.606	EG4724	20160408	TRUE	TRUE
EG4725	224.705	EG4725	20160408	TRUE	TRUE
EG4946	272.077	EG4946	20160408	TRUE	TRUE
GXW1	131.089	GXW1	20160408	TRUE	TRUE
JR4305	241.505	JR4305	20210121	TRUE	TRUE
JT11398	578.381	JT11398	20160408	TRUE	TRUE
JU1088	293.626	JU1088	20160408	TRUE	TRUE
JU1172	330.906	JU1172	20160408	TRUE	TRUE
JU1200	253.678	JU1200	20160408	TRUE	TRUE
JU1212	185.573	JU1212	20160408	TRUE	TRUE
JU1213	189.418	JU1213	20160408	TRUE	TRUE
JU1242	137.88	JU1242	20160408	TRUE	TRUE
JU1246	152.558	JU1246	20160408	TRUE	TRUE
JU1249	185.489	JU1249	20170531	TRUE	TRUE
JU1395	163.991	JU1395	20160408	TRUE	TRUE
JU1400	93.8886	JU1400	20160408	TRUE	TRUE
JU1409	214.895	JU1409	20160408	TRUE	TRUE
JU1440	117.263	JU1440	20160408	TRUE	TRUE
JU1491	149.683	JU1491	20160408	TRUE	TRUE
JU1511	112.277	JU792	20200815	FALSE	TRUE
JU1516	105.554	JU1581	20160408	FALSE	TRUE
JU1530	254.615	JU1530	20160408	TRUE	TRUE
JU1543	223.569	JU1543	20170531	TRUE	TRUE
JU1568	188.573	JU1568	20160408	TRUE	TRUE
JU1580	222.717	JU1793	20200815	FALSE	TRUE
JU1581	205.976	JU1581	20160408	TRUE	TRUE
JU1586	238.277	JU1586	20160408	TRUE	TRUE
JU1652	279.191	JU1652	20160408	TRUE	TRUE
JU1656	122.781	JU1213	20170531	FALSE	TRUE
JU1666	90.3585	JU1666	20170531	TRUE	TRUE
JU1762	99.7411	JU1213	20170531	FALSE	TRUE
JU1770	95.4903	JU1213	20170531	FALSE	TRUE
JU1792	139.565	JU1792	20170531	TRUE	TRUE
JU1793	138.814	JU1793	20170531	TRUE	TRUE
JU1807	75.9676	JU1581	20170531	FALSE	TRUE
JU1808	168.519	JU1808	20170531	TRUE	TRUE
JU1896	219.726	JU1896	20160408	TRUE	TRUE
JU1920	97.9736	JU1793	20170531	FALSE	TRUE
JU1922	118.272	JU1793	20170531	FALSE	TRUE
JU1924	276.25	JU2600	20170531	FALSE	TRUE
JU1926	121.869	JU2600	20200815	FALSE	TRUE
JU1929	139.568	JU1793	20170531	FALSE	TRUE
JU1931	105.897	JU1793	20200815	FALSE	TRUE
JU1934	112.487	JU1934	20170531	TRUE	TRUE
JU1941	115.112	JU1581	20200815	FALSE	TRUE
JU1960	965.15	CB4858	20170531	FALSE	TRUE
JU2001	125.133	JU2001	20160408	TRUE	TRUE
JU2007	79.9157	JU2007	20160408	TRUE	TRUE
JU2016	213.354	JU2016	20170531	TRUE	TRUE
JU2017	85.2482	JU2017	20170531	TRUE	TRUE
JU2106	101.539	JU2106	20170531	TRUE	TRUE
JU2131	119.824	JU2131	20170531	TRUE	TRUE
JU2139	234.231	JU1793	20170531	FALSE	TRUE
JU2141	99.275	JU2141	20170531	TRUE	TRUE
JU2151	255.865	JU2600	20170531	FALSE	TRUE
JU2234	254.179	JU2234	20170531	TRUE	TRUE
JU2250	54.0955	JU2250	20170531	TRUE	TRUE
JU2257	104.434	JU2257	20170531	TRUE	TRUE
JU2287	97.0387	JU2257	20170531	FALSE	TRUE
JU2316	78.6536	JU2316	20160408	TRUE	TRUE
JU2460	52.1519	JU792	20170531	FALSE	TRUE
JU2464	208.374	JU2464	20160408	TRUE	TRUE
JU2466	140.536	JU2466	20160408	TRUE	TRUE
JU2467	110.971	JU2464	20160408	FALSE	TRUE
JU2468	121.535	JU2464	20160408	FALSE	TRUE
JU2478	238.256	JU2478	20170531	TRUE	TRUE
JU2513	113.466	JU2513	20160408	TRUE	TRUE
JU2519	114.515	JU2519	20160408	TRUE	TRUE
JU2522	146.241	JU2522	20160408	TRUE	TRUE
JU2526	85.8289	JU2526	20160408	TRUE	TRUE
JU2527	91.4015	JU792	20170531	FALSE	TRUE
JU2534	361.603	JU2534	20170531	TRUE	TRUE
JU2565	227.985	JU2565	20170531	TRUE	TRUE
JU2566	151.977	JU2566	20170531	TRUE	TRUE
JU2570	86.3859	JU2570	20170531	TRUE	TRUE
JU2572	230.014	JU2572	20170531	TRUE	TRUE
JU2575	72.539	JU2575	20170531	TRUE	TRUE
JU2576	471.377	JU2576	20170531	TRUE	TRUE
JU2578	93.5414	JU2578	20170531	TRUE	TRUE
JU258	432	JU258	20160408	TRUE	TRUE
JU2581	143.719	JU2581	20170531	TRUE	TRUE
JU2586	295.094	JU2586	20170531	TRUE	TRUE
JU2587	299.395	JU2587	20170531	TRUE	TRUE
JU2592	224.236	JU2592	20170531	TRUE	TRUE
JU2593	178.808	JU2593	20170531	TRUE	TRUE
JU2600	208.045	JU2600	20170531	TRUE	TRUE
JU2604	105.348	JU1793	20170531	FALSE	TRUE
JU2605	178.424	JU1793	20170531	FALSE	TRUE
JU2610	166.224	JU2610	20170531	TRUE	TRUE
JU2619	75.006	JU2619	20170531	TRUE	TRUE
JU2800	75.8444	JU2800	20170531	TRUE	TRUE
JU2802	128.089	JU2800	20170531	FALSE	TRUE
JU2811	122.103	JU2811	20170531	TRUE	TRUE
JU2825	231.221	JU2825	20170531	TRUE	TRUE
JU2828	135.717	JU2829	20170531	FALSE	TRUE
JU2829	68.9565	JU2829	20170531	TRUE	TRUE
JU2830	77.2176	JU2829	20170531	FALSE	TRUE
JU2838	92.9312	JU2838	20170531	TRUE	TRUE
JU2841	75.1633	JU2841	20170531	TRUE	TRUE
JU2853	126.187	JU2853	20170531	TRUE	TRUE
JU2860	194.92	JU1200	20170531	FALSE	TRUE
JU2862	108.549	JU2862	20170531	TRUE	TRUE
JU2866	119.01	JU2866	20170531	TRUE	TRUE
JU2878	140.92	JU2878	20170531	TRUE	TRUE
JU2879	97.3007	JU2879	20170531	TRUE	TRUE
JU2906	201.022	JU2906	20170531	TRUE	TRUE
JU2907	156.136	JU2907	20170531	TRUE	TRUE
JU2908	193.766	JU2907	20170531	FALSE	TRUE
JU310	100.994	JU310	20160408	TRUE	TRUE
JU311	120.656	JU311	20160408	TRUE	TRUE
JU312	110.733	JU311	20160408	FALSE	TRUE
JU3125	177.507	JU3125	20170531	TRUE	TRUE
JU3127	213.181	JU3127	20170531	TRUE	TRUE
JU3128	149.647	JU3128	20170531	TRUE	TRUE
JU3131	284.218	JU323	20170531	FALSE	TRUE
JU3132	122.641	JU3132	20170531	TRUE	TRUE
JU3133	184.941	JU1440	20170531	FALSE	TRUE
JU3134	220.589	JU3134	20170531	TRUE	TRUE
JU3135	164.506	JU3135	20170531	TRUE	TRUE
JU3136	295.298	MY2453	20170531	FALSE	TRUE
JU3137	331.765	JU3137	20170531	TRUE	TRUE
JU3138	184.398	JU2600	20170531	FALSE	TRUE
JU3139	197.221	JU1666	20170531	FALSE	TRUE
JU3140	128.641	JU3140	20170531	TRUE	TRUE
JU3141	154.811	JU3141	20180413	TRUE	TRUE
JU3142	206.372	JU792	20170531	FALSE	TRUE
JU3144	149.765	JU3144	20170531	TRUE	TRUE
JU315	119.723	JU311	20160408	FALSE	TRUE
JU3166	71.6773	JU3166	20180413	TRUE	TRUE
JU3167	70.4363	JU3167	20180413	TRUE	TRUE
JU3169	62.9852	JU3169	20180413	TRUE	TRUE
JU3224	161.018	JU3224	20180413	TRUE	TRUE
JU3225	186.977	JU3225	20180413	TRUE	TRUE
JU3226	255.17	JU3226	20180413	TRUE	TRUE
JU3227	258.684	JU3228	20180413	FALSE	TRUE
JU3228	257.977	JU3228	20180413	TRUE	TRUE
JU323	110.205	JU323	20160408	TRUE	TRUE
JU3271	129.656	JU1793	20180413	FALSE	TRUE
JU3280	156.171	JU3280	20180413	TRUE	TRUE
JU3282	122.358	JU3282	20180413	TRUE	TRUE
JU3291	144.874	JU3291	20180413	TRUE	TRUE
JU3318	218.3	JU3318	20200815	TRUE	TRUE
JU3398	113.39	JU1793	20200815	FALSE	TRUE
JU3399	146.372	JU1793	20200815	FALSE	TRUE
JU3400	132.448	JU1793	20200815	FALSE	TRUE
JU3401	140.265	JU1793	20200815	FALSE	TRUE
JU3402	137.945	JU1793	20200815	FALSE	TRUE
JU3403	139.368	JU1793	20200815	FALSE	TRUE
JU345	145.811	JU346	20170531	FALSE	TRUE
JU346	322.057	JU346	20160408	TRUE	TRUE
JU360	307.074	JU360	20160408	TRUE	TRUE
JU363	283.809	JU360	20160408	FALSE	TRUE
JU367	120.958	JU367	20160408	TRUE	TRUE
JU3785	169.928	JU1793	20210121	FALSE	TRUE
JU3786	185.743	JU1793	20210121	FALSE	TRUE
JU3791	204.003	JU2600	20210121	FALSE	TRUE
JU3795	174.16	JU3795	20210121	TRUE	TRUE
JU393	157.153	JU393	20160408	TRUE	TRUE
JU394	307.89	JU394	20160408	TRUE	TRUE
JU397	141.106	JU397	20160408	TRUE	TRUE
JU4047	141.489	JU4047	20210121	TRUE	TRUE
JU4048	157.253	JU4047	20210121	FALSE	TRUE
JU4054	140.909	JU4047	20210121	FALSE	TRUE
JU406	131.454	JU406	20160408	TRUE	TRUE
JU4067	133.871	JU4047	20210121	FALSE	TRUE
JU4069	154.051	JU4047	20210121	FALSE	TRUE
JU4071	215.832	JU4073	20210121	FALSE	TRUE
JU4072	153.897	JU4047	20210121	FALSE	TRUE
JU4073	198.557	JU4073	20210121	TRUE	TRUE
JU4074	175.021	JU4073	20210121	FALSE	TRUE
JU4075	145.344	JU4047	20210121	FALSE	TRUE
JU4082	148.832	JU4082	20210121	TRUE	TRUE
JU4085	163.409	JU4082	20210121	FALSE	TRUE
JU4098	212.736	JU4098	20210121	TRUE	TRUE
JU440	129.241	JU440	20160408	TRUE	TRUE
JU561	156.343	JU561	20160408	TRUE	TRUE
JU642	122.901	JU642	20160408	TRUE	TRUE
JU751	175.998	JU751	20160408	TRUE	TRUE
JU755	151.233	JU751	20210121	FALSE	TRUE
JU774	137.252	JU774	20160408	TRUE	TRUE
JU775	630.629	JU775	20160408	TRUE	TRUE
JU778	229.471	JU778	20160408	TRUE	TRUE
JU782	157.937	JU782	20160408	TRUE	TRUE
JU792	114.749	JU792	20160408	TRUE	TRUE
JU830	228.111	JU830	20160408	TRUE	TRUE
JU847	412.578	JU847	20160408	TRUE	TRUE
KR314	688.399	KR314	20160408	TRUE	TRUE
LKC34	364.793	LKC34	20160408	TRUE	TRUE
MY1	264.951	MY1	20160408	TRUE	TRUE
MY10	175.377	MY10	20160408	TRUE	TRUE
MY16	447.511	MY16	20160408	TRUE	TRUE
MY18	170.649	MY18	20160408	TRUE	TRUE
MY2001	189.321	MY2453	20180413	FALSE	TRUE
MY2004	157.741	MY2453	20170531	FALSE	TRUE
MY2011	155.9	MY2453	20170531	FALSE	TRUE
MY2014	180.754	MY2453	20170531	FALSE	TRUE
MY2022	436.378	RC301	20170531	FALSE	TRUE
MY2024	823.699	RC301	20170531	FALSE	TRUE
MY2042	148.351	MY920	20170531	FALSE	TRUE
MY2050	191.938	MY2453	20170531	FALSE	TRUE
MY2051	334.529	MY2453	20170531	FALSE	TRUE
MY2054	163.815	MY2453	20170531	FALSE	TRUE
MY2078	997.135	RC301	20170531	FALSE	TRUE
MY2079	115.316	MY679	20200815	FALSE	TRUE
MY2097	176.459	MY920	20180413	FALSE	TRUE
MY2099	314.085	MY795	20170531	FALSE	TRUE
MY2109	147.26	MY2741	20170531	FALSE	TRUE
MY2121	148.749	MY2453	20170531	FALSE	TRUE
MY2137	206.829	MY2453	20170531	FALSE	TRUE
MY2138	173.802	MY920	20170531	FALSE	TRUE
MY2142	132.495	MY2573	20170531	FALSE	TRUE
MY2143	182.506	MY2147	20170531	FALSE	TRUE
MY2144	141.499	MY2573	20170531	FALSE	TRUE
MY2147	190.63	MY2147	20170531	TRUE	TRUE
MY2198	116.707	MY2573	20170531	FALSE	TRUE
MY2199	194.662	MY2453	20170531	FALSE	TRUE
MY2208	143.442	MY2573	20170531	FALSE	TRUE
MY2212	225.107	MY2212	20170531	TRUE	TRUE
MY2224	146.978	MY2573	20170531	FALSE	TRUE
MY2239	153.015	MY2573	20180413	FALSE	TRUE
MY2282	156.079	MY2573	20170531	FALSE	TRUE
MY2288	190.919	MY2453	20170531	FALSE	TRUE
MY2291	548.679	RC301	20170531	FALSE	TRUE
MY2294	144.525	MY2573	20170531	FALSE	TRUE
MY23	562.037	MY23	20160408	TRUE	TRUE
MY2338	113.159	MY2573	20170531	FALSE	TRUE
MY2339	183.563	MY2453	20170531	FALSE	TRUE
MY2344	181.902	MY2535	20170531	FALSE	TRUE
MY2347	188.917	MY920	20170531	FALSE	TRUE
MY2373	121.728	MY920	20170531	FALSE	TRUE
MY2406	159.56	MY920	20170531	FALSE	TRUE
MY2434	145.432	MY2573	20170531	FALSE	TRUE
MY2443	141.244	MY2573	20170531	FALSE	TRUE
MY2453	163.067	MY2453	20170531	TRUE	TRUE
MY2479	156.618	MY920	20180413	FALSE	TRUE
MY2481	285.171	JU311	20170531	FALSE	TRUE
MY2491	110.793	MY2573	20170531	FALSE	TRUE
MY2502	223.825	MY2453	20170531	FALSE	TRUE
MY2530	130.751	MY2530	20170531	TRUE	TRUE
MY2532	167.386	MY2535	20170531	FALSE	TRUE
MY2535	171.512	MY2535	20170531	TRUE	TRUE
MY2541	235.342	MY2453	20170531	FALSE	TRUE
MY2573	155.296	MY2573	20170531	TRUE	TRUE
MY2579	192.902	MY2453	20170531	FALSE	TRUE
MY2585	431.781	MY2585	20170531	TRUE	TRUE
MY2622	167.009	MY2453	20180413	FALSE	TRUE
MY2623	552.157	MY2585	20170531	FALSE	TRUE
MY2630	538.637	RC301	20170531	FALSE	TRUE
MY2635	204.598	MY2713	20170531	FALSE	TRUE
MY2636	524.92	RC301	20170531	FALSE	TRUE
MY2640	559.168	RC301	20170531	FALSE	TRUE
MY2679	166.345	MY2713	20170531	FALSE	TRUE
MY2681	662.008	RC301	20170531	FALSE	TRUE
MY2684	606.14	RC301	20170531	FALSE	TRUE
MY2685	180.796	MY2693	20170531	FALSE	TRUE
MY2688	112.183	MY920	20170531	FALSE	TRUE
MY2689	179.262	MY2713	20170531	FALSE	TRUE
MY2691	535.997	RC301	20170531	FALSE	TRUE
MY2692	155.777	MY2741	20170531	FALSE	TRUE
MY2693	191.423	MY2693	20170531	TRUE	TRUE
MY2713	209.885	MY2713	20170531	TRUE	TRUE
MY2719	290.41	MY2693	20170531	FALSE	TRUE
MY2741	172.862	MY2741	20170531	TRUE	TRUE
MY508	159.931	MY2453	20180413	FALSE	TRUE
MY518	851.369	MY518	20170531	TRUE	TRUE
MY524	120.31	MY2453	20170531	FALSE	TRUE
MY538	207.33	MY795	20170531	FALSE	TRUE
MY559	125.177	MY2573	20170531	FALSE	TRUE
MY561	90.3885	MY2453	20170531	FALSE	TRUE
MY564	282.161	MY2453	20170531	FALSE	TRUE
MY570	146.906	MY2453	20170531	FALSE	TRUE
MY579	138.983	MY2573	20170531	FALSE	TRUE
MY589	146.525	MY920	20170531	FALSE	TRUE
MY673	241.517	MY795	20180413	FALSE	TRUE
MY679	194.825	MY679	20170531	TRUE	TRUE
MY684	664.252	RC301	20170531	FALSE	TRUE
MY710	146.041	MY2573	20170531	FALSE	TRUE
MY713	151.53	MY2453	20170531	FALSE	TRUE
MY741	131.315	MY920	20170531	FALSE	TRUE
MY772	128.066	MY772	20170531	TRUE	TRUE
MY792	136.854	MY2453	20170531	FALSE	TRUE
MY795	186.509	MY795	20170531	TRUE	TRUE
MY803	134.166	MY2713	20170531	FALSE	TRUE
MY804	185.306	MY2573	20180413	FALSE	TRUE
MY819	144.149	MY2453	20170531	FALSE	TRUE
MY864	153.554	MY2453	20170531	FALSE	TRUE
MY881	153.532	MY2535	20170531	FALSE	TRUE
MY882	638.017	RC301	20170531	FALSE	TRUE
MY887	105.487	MY920	20170531	FALSE	TRUE
MY904	154.08	MY2453	20180413	FALSE	TRUE
MY920	121.196	MY920	20170531	TRUE	TRUE
MY934	107.162	MY2573	20170531	FALSE	TRUE
MY965	112.762	MY2453	20170531	FALSE	TRUE
MY990	151.596	MY920	20170531	FALSE	TRUE
MY991	141.9	MY679	20170531	FALSE	TRUE
N2	278.182	N2	20160408	TRUE	TRUE
NIC1	245.091	NIC1	20160408	TRUE	TRUE
NIC1049	80.79	NIC1049	20170531	TRUE	TRUE
NIC1107	140.348	NIC1107	20170531	TRUE	TRUE
NIC1119	122.402	NIC1119	20180413	TRUE	TRUE
NIC1604	137.76	MY2573	20180413	FALSE	TRUE
NIC166	273.463	NIC166	20160408	TRUE	TRUE
NIC1779	258.153	NIC1779	20200815	TRUE	TRUE
NIC1780	252.785	NIC1780	20200815	TRUE	TRUE
NIC1781	195.25	NIC1806	20200815	FALSE	TRUE
NIC1782	186.957	NIC1782	20210121	TRUE	TRUE
NIC1783	195.895	NIC1783	20200815	TRUE	TRUE
NIC1785	211.761	NIC1785	20200815	TRUE	TRUE
NIC1786	182.041	NIC1786	20200815	TRUE	TRUE
NIC1787	163.309	NIC1787	20200815	TRUE	TRUE
NIC1788	178.689	NIC1788	20200815	TRUE	TRUE
NIC1789	210.924	NIC1789	20200815	TRUE	TRUE
NIC1790	167.629	NIC1790	20210121	TRUE	TRUE
NIC1791	136.306	NIC1791	20210121	TRUE	TRUE
NIC1792	170.666	NIC1792	20210121	TRUE	TRUE
NIC1793	184.588	NIC1794	20200815	FALSE	TRUE
NIC1794	201.786	NIC1794	20200815	TRUE	TRUE
NIC1795	176.062	NIC1788	20200815	FALSE	TRUE
NIC1796	208.176	NIC1796	20200815	TRUE	TRUE
NIC1797	219.95	NIC1798	20200815	FALSE	TRUE
NIC1798	219.956	NIC1798	20200815	TRUE	TRUE
NIC1799	168.723	NIC1799	20200815	TRUE	TRUE
NIC1800	218.777	NIC1806	20200815	FALSE	TRUE
NIC1801	182.485	NIC1801	20200815	TRUE	TRUE
NIC1802	200.339	NIC1802	20200815	TRUE	TRUE
NIC1803	349.034	NIC1805	20200815	FALSE	TRUE
NIC1804	310.288	NIC1805	20210121	FALSE	TRUE
NIC1805	303.398	NIC1805	20200815	TRUE	TRUE
NIC1806	191.925	NIC1806	20200815	TRUE	TRUE
NIC1807	193.136	NIC1806	20210121	FALSE	TRUE
NIC1808	287.934	NIC1808	20200815	TRUE	TRUE
NIC1809	169.262	NIC1809	20200815	TRUE	TRUE
NIC1810	224.187	NIC1810	20200815	TRUE	TRUE
NIC1811	177.04	NIC1811	20200815	TRUE	TRUE
NIC1812	170.979	NIC1812	20200815	TRUE	TRUE
NIC1832	264.51	NIC1832	20200815	TRUE	TRUE
NIC195	358.871	NIC195	20160408	TRUE	TRUE
NIC196	193.882	NIC195	20160408	FALSE	TRUE
NIC197	312.262	NIC195	20160408	FALSE	TRUE
NIC1977	120.414	JU642	20210121	FALSE	TRUE
NIC198	233.617	NIC195	20160408	FALSE	TRUE
NIC1980	138.511	JU642	20210121	FALSE	TRUE
NIC1985	149.124	JU642	20210121	FALSE	TRUE
NIC199	208.245	NIC199	20160408	TRUE	TRUE
NIC2	200.874	NIC2	20160408	TRUE	TRUE
NIC200	209.614	NIC199	20160408	FALSE	TRUE
NIC2002	155.184	JU642	20210121	FALSE	TRUE
NIC2004	171.112	JU642	20210121	FALSE	TRUE
NIC2011	131.072	JU642	20210121	FALSE	TRUE
NIC207	1315.9	NIC207	20160408	TRUE	TRUE
NIC231	158.636	NIC231	20160408	TRUE	TRUE
NIC232	242.358	NIC231	20160408	FALSE	TRUE
NIC236	145.035	NIC236	20160408	TRUE	TRUE
NIC237	217.827	NIC236	20160408	FALSE	TRUE
NIC242	242.896	NIC242	20160408	TRUE	TRUE
NIC251	198.386	NIC251	20160408	TRUE	TRUE
NIC252	124.754	NIC252	20160408	TRUE	TRUE
NIC255	455.131	NIC255	20160408	TRUE	TRUE
NIC256	185.652	NIC256	20160408	TRUE	TRUE
NIC258	237.61	NIC258	20160408	TRUE	TRUE
NIC259	223.449	NIC259	20160408	TRUE	TRUE
NIC260	142.921	NIC260	20160408	TRUE	TRUE
NIC261	209.33	NIC261	20160408	TRUE	TRUE
NIC262	448.48	NIC262	20160408	TRUE	TRUE
NIC263	244.757	NIC256	20160408	FALSE	TRUE
NIC265	116.398	NIC265	20160408	TRUE	TRUE
NIC266	422.191	NIC266	20160408	TRUE	TRUE
NIC267	108.683	NIC267	20160408	TRUE	TRUE
NIC268	168.717	NIC268	20160408	TRUE	TRUE
NIC269	206.554	NIC269	20160408	TRUE	TRUE
NIC270	109.962	NIC267	20160408	FALSE	TRUE
NIC271	230.279	NIC271	20160408	TRUE	TRUE
NIC272	131.442	NIC272	20160408	TRUE	TRUE
NIC273	98.9153	NIC272	20160408	FALSE	TRUE
NIC274	53.6572	NIC274	20160408	TRUE	TRUE
NIC275	272.499	NIC275	20160408	TRUE	TRUE
NIC276	120.22	NIC276	20160408	TRUE	TRUE
NIC277	169.467	NIC277	20160408	TRUE	TRUE
NIC3	64.5161	NIC3	20160408	TRUE	TRUE
NIC4	225.195	NIC3	20160408	FALSE	TRUE
NIC501	93.9134	NIC501	20170531	TRUE	TRUE
NIC508	260.057	MY2535	20170531	FALSE	TRUE
NIC511	98.7148	NIC511	20170531	TRUE	TRUE
NIC512	331.917	MY2535	20170531	FALSE	TRUE
NIC513	125.045	NIC513	20170531	TRUE	TRUE
NIC514	341.743	NIC514	20170531	TRUE	TRUE
NIC515	258.76	NIC515	20170531	TRUE	TRUE
NIC521	135.657	NIC527	20170531	FALSE	TRUE
NIC522	275.922	NIC522	20170531	TRUE	TRUE
NIC523	86.6102	NIC523	20170531	TRUE	TRUE
NIC526	366.672	NIC526	20170531	TRUE	TRUE
NIC527	137.811	NIC527	20170531	TRUE	TRUE
NIC528	111.149	NIC528	20170531	TRUE	TRUE
NIC529	150.222	NIC529	20170531	TRUE	TRUE
PB303	696.373	PB303	20160408	TRUE	TRUE
PS2025	162.211	PS2025	20160408	TRUE	TRUE
PX179	188.509	PX179	20160408	TRUE	TRUE
QG2075	237.989	QG2075	20160408	TRUE	TRUE
QG2810	146.115	QG2811	20180413	FALSE	TRUE
QG2811	154.472	QG2811	20180413	TRUE	TRUE
QG2812	140.938	QG2813	20180413	FALSE	TRUE
QG2813	139.268	QG2813	20180413	TRUE	TRUE
QG2818	132.254	QG2818	20180413	TRUE	TRUE
QG2823	406.855	QG2823	20180413	TRUE	TRUE
QG2824	139.427	QG2824	20180413	TRUE	TRUE
QG2825	142.245	QG2825	20180413	TRUE	TRUE
QG2826	374.23	QG2823	20180413	FALSE	TRUE
QG2827	137.467	QG2827	20180413	TRUE	TRUE
QG2828	140.026	QG2828	20180413	TRUE	TRUE
QG2829	133.071	QG2827	20180413	FALSE	TRUE
QG2830	156.634	QG2832	20180413	FALSE	TRUE
QG2831	165.297	QG2832	20180413	FALSE	TRUE
QG2832	145.276	QG2832	20180413	TRUE	TRUE
QG2833	134.113	QG2832	20180413	FALSE	TRUE
QG2834	138.636	QG2835	20180413	FALSE	TRUE
QG2835	144.894	QG2835	20180413	TRUE	TRUE
QG2836	134.956	QG2836	20180413	TRUE	TRUE
QG2837	154.522	QG2837	20180413	TRUE	TRUE
QG2838	165.814	QG2838	20180413	TRUE	TRUE
QG2839	140.992	QG2841	20180413	FALSE	TRUE
QG2840	143.635	QG2841	20180413	FALSE	TRUE
QG2841	142.392	QG2841	20180413	TRUE	TRUE
QG2842	145.777	QG2841	20180413	FALSE	TRUE
QG2843	146.906	QG2843	20180413	TRUE	TRUE
QG2844	133.917	QG2846	20180413	FALSE	TRUE
QG2845	142.549	QG2846	20180413	FALSE	TRUE
QG2846	132.508	QG2846	20180413	TRUE	TRUE
QG2850	131.314	QG2850	20180413	TRUE	TRUE
QG2851	134.713	QG2850	20180413	FALSE	TRUE
QG2852	124.6	QG2854	20180413	FALSE	TRUE
QG2853	129.801	QG2854	20180413	FALSE	TRUE
QG2854	137.365	QG2854	20180413	TRUE	TRUE
QG2855	134.926	QG2855	20180413	TRUE	TRUE
QG2856	134.062	QG2854	20180413	FALSE	TRUE
QG2857	127.98	QG2857	20180413	TRUE	TRUE
QG2858	134.063	QG2854	20180413	FALSE	TRUE
QG2859	126.56	QG2854	20180413	FALSE	TRUE
QG2872	155.927	QG2873	20180413	FALSE	TRUE
QG2873	158.263	QG2873	20180413	TRUE	TRUE
QG2874	162.262	QG2874	20180413	TRUE	TRUE
QG2875	132.955	QG2875	20180413	TRUE	TRUE
QG2876	131.711	QG2875	20180413	FALSE	TRUE
QG2877	135.961	QG2877	20180413	TRUE	TRUE
QG2878	125.578	QG2877	20180413	FALSE	TRUE
QG2927	131.109	QG2932	20180413	FALSE	TRUE
QG2928	123.641	QG2932	20180413	FALSE	TRUE
QG2931	132.003	QG2932	20180413	FALSE	TRUE
QG2932	143.689	QG2932	20180413	TRUE	TRUE
QG4003	187.844	QG4003	20210121	TRUE	TRUE
QG4004	195.548	QG4004	20210121	TRUE	TRUE
QG4005	185.787	QG4006	20210121	FALSE	TRUE
QG4006	213.291	QG4006	20210121	TRUE	TRUE
QG4008	191.41	QG4008	20210121	TRUE	TRUE
QG4009	182.876	QG4008	20210121	FALSE	TRUE
QG4010	255.507	QG4010	20210121	TRUE	TRUE
QG4011	271.903	QG4012	20210121	FALSE	TRUE
QG4012	265.627	QG4012	20210121	TRUE	TRUE
QG4014	241.948	QG4010	20210121	FALSE	TRUE
QG4015	221.39	QG4015	20210121	TRUE	TRUE
QG4016	210.784	QG4015	20210121	FALSE	TRUE
QG4017	258.546	QG4017	20210121	TRUE	TRUE
QG4018	216.983	QG4018	20210121	TRUE	TRUE
QG4019	181.255	QG4010	20210121	FALSE	TRUE
QG4021	198.277	QG4021	20210121	TRUE	TRUE
QG4076	197.066	QG4080	20210121	FALSE	TRUE
QG4077	195.525	QG4080	20210121	FALSE	TRUE
QG4078	201.554	QG4080	20210121	FALSE	TRUE
QG4079	203.382	QG4080	20210121	FALSE	TRUE
QG4080	200.765	QG4080	20210121	TRUE	TRUE
QG4103	264.999	QG4103	20210121	TRUE	TRUE
QG4134	323.403	QG4015	20210121	FALSE	TRUE
QG4135	245.169	QG4135	20210121	TRUE	TRUE
QG4137	222.633	QG4138	20210121	FALSE	TRUE
QG4138	205.592	QG4138	20210121	TRUE	TRUE
QG4139	203.843	QG4138	20210121	FALSE	TRUE
QG4151	203.676	QG4151	20210121	TRUE	TRUE
QG4158	203.26	QG4015	20210121	FALSE	TRUE
QG4159	215.175	QG4015	20210121	FALSE	TRUE
QG4160	234.921	QG4015	20210121	FALSE	TRUE
QG4161	248.013	QG4015	20210121	FALSE	TRUE
QG4162	237.613	QG4135	20210121	FALSE	TRUE
QG4163	242.638	QG4135	20210121	FALSE	TRUE
QG4166	207.76	QG4226	20210121	FALSE	TRUE
QG4182	191.65	QG4010	20210121	FALSE	TRUE
QG4184	194.425	QG4010	20210121	FALSE	TRUE
QG4185	215.605	QG4010	20210121	FALSE	TRUE
QG4186	205.545	QG4010	20210121	FALSE	TRUE
QG4193	181.449	QG4193	20210121	TRUE	TRUE
QG4194	174.612	QG4193	20210121	FALSE	TRUE
QG4226	211.988	QG4226	20210121	TRUE	TRUE
QG4228	192.467	QG4228	20210121	TRUE	TRUE
QG536	157.648	QG536	20160408	TRUE	TRUE
QG537	114.783	QG536	20160408	FALSE	TRUE
QG538	227.19	QG536	20160408	FALSE	TRUE
QG556	817.945	QG556	20160408	TRUE	TRUE
QG557	665.395	QG557	20160408	TRUE	TRUE
QG558	778.507	QG556	20160408	FALSE	TRUE
QW947	122.144	QW947	20160408	TRUE	TRUE
QX1211	503.896	QX1211	20160408	TRUE	TRUE
QX1212	658.299	QX1212	20160408	TRUE	TRUE
QX1213	1545.46	QX1212	20160408	FALSE	TRUE
QX1214	799.891	QX1212	20160408	FALSE	TRUE
QX1215	412.153	QX1211	20160408	FALSE	TRUE
QX1216	412.78	QX1211	20160408	FALSE	TRUE
QX1233	313.071	QX1233	20160408	TRUE	TRUE
QX1791	118.928	QX1791	20160408	TRUE	TRUE
QX1792	304.835	QX1792	20160408	TRUE	TRUE
QX1793	206.181	QX1793	20160408	TRUE	TRUE
QX1794	512.429	QX1794	20160408	TRUE	TRUE
RC301	773.44	RC301	20160408	TRUE	TRUE
TWN2530	175.071	TWN2530	20200815	TRUE	TRUE
TWN2542	193.796	TWN2542	20200815	TRUE	TRUE
TWN2794	165.885	TWN2542	20200815	FALSE	TRUE
TWN2803	188.163	TWN2542	20200815	FALSE	TRUE
WN2001	177.589	WN2001	20160408	TRUE	TRUE
WN2002	162.475	WN2002	20160408	TRUE	TRUE
WN2010	298.358	WN2001	20160408	FALSE	TRUE
WN2011	427.745	WN2001	20160408	FALSE	TRUE
WN2013	335.133	WN2001	20160408	FALSE	TRUE
WN2014	251.601	WN2001	20160408	FALSE	TRUE
WN2016	146.705	WN2001	20160408	FALSE	TRUE
WN2017	274.993	WN2001	20160408	FALSE	TRUE
WN2018	358.427	WN2001	20160408	FALSE	TRUE
WN2019	187.032	WN2001	20160408	FALSE	TRUE
WN2020	308.205	WN2001	20160408	FALSE	TRUE
WN2021	311.795	WN2001	20160408	FALSE	TRUE
WN2033	247.594	WN2033	20170531	TRUE	TRUE
WN2035	163.225	WN2033	20170531	FALSE	TRUE
WN2039	175.736	WN2033	20170531	FALSE	TRUE
WN2050	133.27	WN2050	20170531	TRUE	TRUE
WN2056	125.786	WN2050	20170531	FALSE	TRUE
WN2059	135.301	WN2066	20180413	FALSE	TRUE
WN2060	171.087	WN2066	20180413	FALSE	TRUE
WN2061	112.456	WN2050	20210121	FALSE	TRUE
WN2062	120.606	WN2050	20180413	FALSE	TRUE
WN2063	155.009	WN2063	20180413	TRUE	TRUE
WN2064	99.4388	WN2064	20180413	TRUE	TRUE
WN2065	129.8	WN2066	20180413	FALSE	TRUE
WN2066	143.642	WN2066	20180413	TRUE	TRUE
WN2067	152.617	WN2050	20200815	FALSE	TRUE
WN2068	218.93	WN2068	20200815	TRUE	TRUE
WN2069	154.535	WN2069	20200815	TRUE	TRUE
WN2070	263.053	WN2066	20200815	FALSE	TRUE
WN2071	136.027	WN2068	20200815	FALSE	TRUE
WN2073	127.052	WN2066	20200815	FALSE	TRUE
WN2074	228.04	WN2066	20200815	FALSE	TRUE
WN2075	215.881	WN2066	20200815	FALSE	TRUE
WN2076	260.604	MY2535	20200815	FALSE	TRUE
WN2077	135.871	WN2086	20210121	FALSE	TRUE
WN2078	157.949	WN2066	20210121	FALSE	TRUE
WN2079	141.652	WN2066	20210121	FALSE	TRUE
WN2080	150.509	WN2068	20210121	FALSE	TRUE
WN2081	155.022	WN2066	20210121	FALSE	TRUE
WN2082	154.241	WN2082	20210121	TRUE	TRUE
WN2083	158.758	MY2453	20210121	FALSE	TRUE
WN2086	141.154	WN2086	20210121	TRUE	TRUE
WN2088	137.876	WN2066	20210121	FALSE	TRUE
WN2089	141.94	WN2066	20210121	FALSE	TRUE
WN2090	149.499	WN2066	20210121	FALSE	TRUE
WN2091	141.548	WN2082	20210121	FALSE	TRUE
WN2092	139.283	WN2050	20210121	FALSE	TRUE
WN2093	138.28	WN2050	20210121	FALSE	TRUE
WN2095	149.675	WN2066	20210121	FALSE	TRUE
WN2096	154.525	WN2068	20210121	FALSE	TRUE
XZ1513	236.538	XZ1513	20170531	TRUE	TRUE
XZ1514	120.969	XZ1514	20170531	TRUE	TRUE
XZ1515	179.511	XZ1515	20170531	TRUE	TRUE
XZ1516	78.3406	XZ1516	20170531	TRUE	TRUE
XZ1672	309.021	XZ1672	20180413	TRUE	TRUE
XZ1734	153.681	XZ1734	20180413	TRUE	TRUE
XZ1735	139.846	XZ1735	20180413	TRUE	TRUE
XZ1756	156.117	XZ1756	20180413	TRUE	TRUE
XZ2018	194.236	XZ2018	20180413	TRUE	TRUE
XZ2019	227.299	XZ2019	20180413	TRUE	TRUE
XZ2020	427.127	XZ2020	20180413	TRUE	TRUE
XZ2210	184.783	MY2535	20200815	FALSE	TRUE
XZ2211	174.007	XZ2211	20200815	TRUE	TRUE
XZ2212	193.145	XZ1513	20200815	FALSE	TRUE
XZ2213	161.846	XZ2211	20210121	FALSE	TRUE
