strain	isotype	release	isotype_ref_strain	wgs_seq
AB1	AB1	20160408	TRUE	TRUE
AB4	CB4858	20160408	FALSE	TRUE
BRC20067	BRC20067	20160408	TRUE	TRUE
BRC20113	BRC20067	20170531	FALSE	TRUE
BRC20231	MY23	20170531	FALSE	TRUE
BRC20263	BRC20263	20170531	TRUE	TRUE
CB4852	CB4852	20160408	TRUE	TRUE
CB4854	CB4854	20160408	TRUE	TRUE
CB4856	CB4856	20160408	TRUE	TRUE
CB4932	CB4932	20160408	TRUE	TRUE
CX11254	CX11254	20160408	TRUE	TRUE
CX11262	CX11262	20160408	TRUE	TRUE
CX11264	CX11264	20160408	TRUE	TRUE
CX11271	CX11271	20160408	TRUE	TRUE
CX11276	CX11276	20160408	TRUE	TRUE
CX11285	CX11285	20160408	TRUE	TRUE
CX11292	CX11292	20160408	TRUE	TRUE
CX11307	CX11307	20160408	TRUE	TRUE
CX11314	CX11314	20160408	TRUE	TRUE
CX11315	CX11315	20160408	TRUE	TRUE
DL200	DL200	20160408	TRUE	TRUE
DL226	DL226	20160408	TRUE	TRUE
DL238	DL238	20160408	TRUE	TRUE
ECA1069	ECA1069	20200815	TRUE	TRUE
ECA1070	ECA1074	20200815	FALSE	TRUE
ECA1071	ECA1074	20200815	FALSE	TRUE
ECA1072	ECA1074	20200815	FALSE	TRUE
ECA1073	ECA1074	20200815	FALSE	TRUE
ECA1074	ECA1074	20200815	TRUE	TRUE
ECA1184	ECA1185	20210121	FALSE	TRUE
ECA1185	ECA1185	20200815	TRUE	TRUE
ECA1186	ECA1186	20200815	TRUE	TRUE
ECA1187	ECA1187	20210121	TRUE	TRUE
ECA1188	ECA1187	20210121	FALSE	TRUE
ECA1189	ECA1187	20210121	FALSE	TRUE
ECA1190	ECA1187	20210121	FALSE	TRUE
ECA1191	ECA1191	20200815	TRUE	TRUE
ECA1192	ECA1192	20210121	TRUE	TRUE
ECA1193	ECA1193	20200815	TRUE	TRUE
ECA1194	ECA1194	20200815	TRUE	TRUE
ECA1195	ECA1195	20200815	TRUE	TRUE
ECA1196	ECA1196	20210121	TRUE	TRUE
ECA1197	ECA1237	20210121	FALSE	TRUE
ECA1198	ECA1237	20210121	FALSE	TRUE
ECA1199	ECA1238	20210121	FALSE	TRUE
ECA1200	ECA1200	20210121	TRUE	TRUE
ECA1201	ECA1202	20200815	FALSE	TRUE
ECA1202	ECA1202	20210121	TRUE	TRUE
ECA1203	ECA1208	20200815	FALSE	TRUE
ECA1204	ECA1208	20210121	FALSE	TRUE
ECA1205	ECA1208	20200815	FALSE	TRUE
ECA1206	ECA1206	20210121	TRUE	TRUE
ECA1207	ECA1208	20210121	FALSE	TRUE
ECA1208	ECA1208	20200815	TRUE	TRUE
ECA1209	ECA1212	20210121	FALSE	TRUE
ECA1210	ECA744	20210121	FALSE	TRUE
ECA1211	ECA1212	20210121	FALSE	TRUE
ECA1212	ECA1212	20200815	TRUE	TRUE
ECA1213	ECA744	20200815	FALSE	TRUE
ECA1214	ECA744	20200815	FALSE	TRUE
ECA1215	ECA1216	20200815	FALSE	TRUE
ECA1216	ECA1216	20200815	TRUE	TRUE
ECA1217	ECA1216	20200815	FALSE	TRUE
ECA1218	ECA1216	20200815	FALSE	TRUE
ECA1220	ECA812	20200815	FALSE	TRUE
ECA1221	ECA812	20200815	FALSE	TRUE
ECA1222	ECA1225	20200815	FALSE	TRUE
ECA1223	ECA1223	20200815	TRUE	TRUE
ECA1224	ECA1223	20200815	FALSE	TRUE
ECA1225	ECA1225	20200815	TRUE	TRUE
ECA1226	ECA1225	20200815	FALSE	TRUE
ECA1227	ECA1225	20210121	FALSE	TRUE
ECA1228	ECA1228	20200815	TRUE	TRUE
ECA1229	ECA1229	20200815	TRUE	TRUE
ECA1230	ECA1229	20210121	FALSE	TRUE
ECA1231	ECA1229	20210121	FALSE	TRUE
ECA1232	ECA1232	20200815	TRUE	TRUE
ECA1233	ECA1229	20200815	FALSE	TRUE
ECA1234	ECA1237	20200815	FALSE	TRUE
ECA1235	ECA1237	20210121	FALSE	TRUE
ECA1236	ECA1237	20200815	FALSE	TRUE
ECA1237	ECA1237	20200815	TRUE	TRUE
ECA1238	ECA1238	20200815	TRUE	TRUE
ECA1239	ECA1238	20200815	FALSE	TRUE
ECA1240	ECA1240	20200815	TRUE	TRUE
ECA1241	ECA1229	20200815	FALSE	TRUE
ECA1242	ECA1242	20200815	TRUE	TRUE
ECA1243	ECA1243	20200815	TRUE	TRUE
ECA1244	ECA760	20200815	FALSE	TRUE
ECA1245	ECA760	20200815	FALSE	TRUE
ECA1246	ECA1247	20200815	FALSE	TRUE
ECA1247	ECA1247	20200815	TRUE	TRUE
ECA1249	ECA1255	20210121	FALSE	TRUE
ECA1250	ECA1251	20200815	FALSE	TRUE
ECA1251	ECA1251	20200815	TRUE	TRUE
ECA1252	ECA1252	20210121	TRUE	TRUE
ECA1253	ECA1253	20200815	TRUE	TRUE
ECA1254	ECA1257	20210121	FALSE	TRUE
ECA1255	ECA1255	20200815	TRUE	TRUE
ECA1256	ECA1255	20200815	FALSE	TRUE
ECA1257	ECA1257	20200815	TRUE	TRUE
ECA1258	ECA1257	20200815	FALSE	TRUE
ECA1259	ECA1260	20200815	FALSE	TRUE
ECA1260	ECA1260	20200815	TRUE	TRUE
ECA1261	ECA1261	20200815	TRUE	TRUE
ECA1262	ECA1281	20200815	FALSE	TRUE
ECA1263	ECA1281	20200815	FALSE	TRUE
ECA1264	ECA1281	20200815	FALSE	TRUE
ECA1265	ECA1288	20200815	FALSE	TRUE
ECA1266	ECA1288	20200815	FALSE	TRUE
ECA1267	ECA1269	20200815	FALSE	TRUE
ECA1268	ECA1269	20200815	FALSE	TRUE
ECA1269	ECA1269	20200815	TRUE	TRUE
ECA1270	ECA1271	20200815	FALSE	TRUE
ECA1271	ECA1271	20200815	TRUE	TRUE
ECA1272	ECA1247	20200815	FALSE	TRUE
ECA1273	ECA1281	20200815	FALSE	TRUE
ECA1274	ECA1247	20200815	FALSE	TRUE
ECA1275	ECA1281	20200815	FALSE	TRUE
ECA1276	ECA1276	20200815	TRUE	TRUE
ECA1277	ECA1276	20200815	FALSE	TRUE
ECA1278	ECA1278	20200815	TRUE	TRUE
ECA1279	ECA1281	20200815	FALSE	TRUE
ECA1281	ECA1281	20200815	TRUE	TRUE
ECA1282	ECA1281	20200815	FALSE	TRUE
ECA1283	ECA1283	20200815	TRUE	TRUE
ECA1284	ECA1284	20200815	TRUE	TRUE
ECA1285	ECA1284	20200815	FALSE	TRUE
ECA1286	ECA1286	20200815	TRUE	TRUE
ECA1287	ECA1287	20200815	TRUE	TRUE
ECA1288	ECA1288	20200815	TRUE	TRUE
ECA1289	ECA1289	20200815	TRUE	TRUE
ECA1290	ECA1286	20200815	FALSE	TRUE
ECA1291	ECA760	20200815	FALSE	TRUE
ECA1292	ECA1298	20200815	FALSE	TRUE
ECA1293	ECA1293	20200815	TRUE	TRUE
ECA1294	ECA1293	20200815	FALSE	TRUE
ECA1295	ECA1298	20200815	FALSE	TRUE
ECA1296	ECA1298	20200815	FALSE	TRUE
ECA1297	ECA1298	20210121	FALSE	TRUE
ECA1298	ECA1298	20200815	TRUE	TRUE
ECA1316	ECA1316	20210121	TRUE	TRUE
ECA1385	ECA760	20200815	FALSE	TRUE
ECA1389	ECA1413	20200815	FALSE	TRUE
ECA1391	ECA1413	20200815	FALSE	TRUE
ECA1409	ECA1409	20210121	TRUE	TRUE
ECA1413	ECA1413	20200815	TRUE	TRUE
ECA1415	ECA1413	20200815	FALSE	TRUE
ECA1441	ECA724	20200815	FALSE	TRUE
ECA1465	ECA1493	20200815	FALSE	TRUE
ECA1467	ECA1493	20200815	FALSE	TRUE
ECA1493	ECA1493	20200815	TRUE	TRUE
ECA1515	ECA1493	20200815	FALSE	TRUE
ECA1689	ECA2111	20210121	FALSE	TRUE
ECA1691	ECA2111	20210121	FALSE	TRUE
ECA1693	ECA1693	20210121	TRUE	TRUE
ECA1695	ECA2111	20210121	FALSE	TRUE
ECA1709	ECA1713	20210121	FALSE	TRUE
ECA1711	ECA1713	20210121	FALSE	TRUE
ECA1713	ECA1713	20210121	TRUE	TRUE
ECA1715	ECA2151	20210121	FALSE	TRUE
ECA1717	ECA1717	20210121	TRUE	TRUE
ECA1718	ECA2151	20210121	FALSE	TRUE
ECA1721	ECA2151	20210121	FALSE	TRUE
ECA1723	ECA1851	20210121	FALSE	TRUE
ECA1725	ECA1725	20210121	TRUE	TRUE
ECA1727	ECA2159	20210121	FALSE	TRUE
ECA1729	ECA2159	20210121	FALSE	TRUE
ECA1731	ECA1769	20210121	FALSE	TRUE
ECA1733	ECA1751	20210121	FALSE	TRUE
ECA1735	ECA1751	20210121	FALSE	TRUE
ECA1737	ECA1751	20210121	FALSE	TRUE
ECA1739	ECA2091	20210121	FALSE	TRUE
ECA1741	ECA1751	20210121	FALSE	TRUE
ECA1743	ECA1761	20210121	FALSE	TRUE
ECA1745	ECA1751	20210121	FALSE	TRUE
ECA1747	ECA1751	20210121	FALSE	TRUE
ECA1749	ECA1751	20210121	FALSE	TRUE
ECA1751	ECA1751	20210121	TRUE	TRUE
ECA1753	ECA1751	20210121	FALSE	TRUE
ECA1755	ECA1757	20210121	FALSE	TRUE
ECA1757	ECA1757	20210121	TRUE	TRUE
ECA1759	ECA1853	20210121	FALSE	TRUE
ECA1761	ECA1761	20210121	TRUE	TRUE
ECA1763	ECA1761	20210121	FALSE	TRUE
ECA1765	ECA1761	20210121	FALSE	TRUE
ECA1767	ECA1761	20210121	FALSE	TRUE
ECA1769	ECA1769	20210121	TRUE	TRUE
ECA1771	ECA1769	20210121	FALSE	TRUE
ECA1779	ECA1281	20210121	FALSE	TRUE
ECA1781	ECA1281	20210121	FALSE	TRUE
ECA1783	ECA1281	20210121	FALSE	TRUE
ECA1785	ECA2377	20210121	FALSE	TRUE
ECA1787	ECA2081	20210121	FALSE	TRUE
ECA1789	ECA2081	20210121	FALSE	TRUE
ECA1791	ECA2443	20210121	FALSE	TRUE
ECA1793	ECA1793	20210121	TRUE	TRUE
ECA1795	ECA1769	20210121	FALSE	TRUE
ECA1797	ECA1769	20210121	FALSE	TRUE
ECA1799	ECA1805	20210121	FALSE	TRUE
ECA1801	ECA1805	20210121	FALSE	TRUE
ECA1803	ECA1805	20210121	FALSE	TRUE
ECA1805	ECA1805	20210121	TRUE	TRUE
ECA1807	ECA1807	20210121	TRUE	TRUE
ECA1809	ECA1815	20210121	FALSE	TRUE
ECA1811	ECA1815	20210121	FALSE	TRUE
ECA1813	ECA1815	20210121	FALSE	TRUE
ECA1815	ECA1815	20210121	TRUE	TRUE
ECA1817	ECA1815	20210121	FALSE	TRUE
ECA1819	ECA1815	20210121	FALSE	TRUE
ECA1821	ECA1821	20210121	TRUE	TRUE
ECA1823	ECA1821	20210121	FALSE	TRUE
ECA1825	ECA1825	20210121	TRUE	TRUE
ECA1827	ECA2336	20210121	FALSE	TRUE
ECA1829	ECA2336	20210121	FALSE	TRUE
ECA1831	ECA1825	20210121	FALSE	TRUE
ECA1833	ECA2336	20210121	FALSE	TRUE
ECA1835	ECA1843	20210121	FALSE	TRUE
ECA1837	ECA1843	20210121	FALSE	TRUE
ECA1839	ECA1843	20210121	FALSE	TRUE
ECA1841	ECA1843	20210121	FALSE	TRUE
ECA1843	ECA1843	20210121	TRUE	TRUE
ECA1845	ECA1885	20210121	FALSE	TRUE
ECA1847	ECA1885	20210121	FALSE	TRUE
ECA1849	ECA1885	20210121	FALSE	TRUE
ECA1851	ECA1851	20210121	TRUE	TRUE
ECA1853	ECA1853	20210121	TRUE	TRUE
ECA1855	ECA1853	20210121	FALSE	TRUE
ECA1857	ECA1853	20210121	FALSE	TRUE
ECA1859	ECA1853	20210121	FALSE	TRUE
ECA1861	ECA1919	20210121	FALSE	TRUE
ECA1863	ECA1919	20210121	FALSE	TRUE
ECA1865	ECA1919	20210121	FALSE	TRUE
ECA1867	ECA1919	20210121	FALSE	TRUE
ECA1869	ECA1919	20210121	FALSE	TRUE
ECA1871	ECA1919	20210121	FALSE	TRUE
ECA1873	ECA1901	20210121	FALSE	TRUE
ECA1875	ECA1875	20210121	TRUE	TRUE
ECA1877	ECA2336	20210121	FALSE	TRUE
ECA1878	ECA741	20210121	FALSE	TRUE
ECA1885	ECA1885	20210121	TRUE	TRUE
ECA1887	ECA1887	20210121	TRUE	TRUE
ECA1889	ECA1889	20210121	TRUE	TRUE
ECA189	ECA189	20170531	TRUE	TRUE
ECA1891	ECA1891	20210121	TRUE	TRUE
ECA1895	ECA2482	20210121	FALSE	TRUE
ECA1897	ECA1887	20210121	FALSE	TRUE
ECA190	ECA189	20170531	FALSE	TRUE
ECA1901	ECA1901	20210121	TRUE	TRUE
ECA1903	ECA1889	20210121	FALSE	TRUE
ECA1907	ECA2336	20210121	FALSE	TRUE
ECA1909	ECA2473	20210121	FALSE	TRUE
ECA191	ECA191	20170531	TRUE	TRUE
ECA1911	ECA2473	20210121	FALSE	TRUE
ECA1913	ECA2443	20210121	FALSE	TRUE
ECA1915	ECA2443	20210121	FALSE	TRUE
ECA1917	ECA2443	20210121	FALSE	TRUE
ECA1919	ECA1919	20210121	TRUE	TRUE
ECA192	ECA189	20170531	FALSE	TRUE
ECA1921	ECA1919	20210121	FALSE	TRUE
ECA1923	ECA1919	20210121	FALSE	TRUE
ECA1925	ECA1925	20210121	TRUE	TRUE
ECA1927	ECA1919	20210121	FALSE	TRUE
ECA1929	ECA1919	20210121	FALSE	TRUE
ECA193	ECA189	20170531	FALSE	TRUE
ECA1931	ECA1875	20210121	FALSE	TRUE
ECA1933	ECA1875	20210121	FALSE	TRUE
ECA1935	ECA1919	20210121	FALSE	TRUE
ECA1937	ECA1937	20210121	TRUE	TRUE
ECA1939	ECA1939	20210121	TRUE	TRUE
ECA1943	ECA1943	20210121	TRUE	TRUE
ECA1951	ECA1939	20210121	FALSE	TRUE
ECA1953	ECA1939	20210121	FALSE	TRUE
ECA1967	ECA1977	20210121	FALSE	TRUE
ECA1969	ECA1969	20210121	TRUE	TRUE
ECA1971	ECA1977	20210121	FALSE	TRUE
ECA1973	ECA1206	20210121	FALSE	TRUE
ECA1975	ECA1281	20210121	FALSE	TRUE
ECA1977	ECA1977	20210121	TRUE	TRUE
ECA1979	ECA1206	20210121	FALSE	TRUE
ECA1981	ECA1977	20210121	FALSE	TRUE
ECA1983	ECA1206	20210121	FALSE	TRUE
ECA1985	ECA1977	20210121	FALSE	TRUE
ECA1987	ECA1281	20210121	FALSE	TRUE
ECA1989	ECA1281	20210121	FALSE	TRUE
ECA1991	ECA1281	20210121	FALSE	TRUE
ECA1995	ECA1997	20210121	FALSE	TRUE
ECA1997	ECA1997	20210121	TRUE	TRUE
ECA2041	ECA2041	20210121	TRUE	TRUE
ECA2043	ECA2043	20210121	TRUE	TRUE
ECA2065	ECA2073	20210121	FALSE	TRUE
ECA2067	ECA2073	20210121	FALSE	TRUE
ECA2069	ECA2073	20210121	FALSE	TRUE
ECA2071	ECA2073	20210121	FALSE	TRUE
ECA2073	ECA2073	20210121	TRUE	TRUE
ECA2075	ECA2073	20210121	FALSE	TRUE
ECA2079	ECA2081	20210121	FALSE	TRUE
ECA2081	ECA2081	20210121	TRUE	TRUE
ECA2085	ECA2081	20210121	FALSE	TRUE
ECA2091	ECA2091	20210121	TRUE	TRUE
ECA2095	ECA2195	20210121	FALSE	TRUE
ECA2097	ECA2195	20210121	FALSE	TRUE
ECA2099	ECA2151	20210121	FALSE	TRUE
ECA2101	ECA2091	20210121	FALSE	TRUE
ECA2103	ECA2091	20210121	FALSE	TRUE
ECA2107	ECA2111	20210121	FALSE	TRUE
ECA2109	ECA2109	20210121	TRUE	TRUE
ECA2111	ECA2111	20210121	TRUE	TRUE
ECA2117	ECA2151	20210121	FALSE	TRUE
ECA2119	ECA2119	20210121	TRUE	TRUE
ECA2121	ECA1793	20210121	FALSE	TRUE
ECA2122	ECA2151	20210121	FALSE	TRUE
ECA2125	ECA2281	20210121	FALSE	TRUE
ECA2127	ECA2151	20210121	FALSE	TRUE
ECA2131	ECA2151	20210121	FALSE	TRUE
ECA2135	ECA2187	20210121	FALSE	TRUE
ECA2139	ECA2187	20210121	FALSE	TRUE
ECA2143	ECA2151	20210121	FALSE	TRUE
ECA2147	ECA2151	20210121	FALSE	TRUE
ECA2151	ECA2151	20210121	TRUE	TRUE
ECA2155	ECA2155	20210121	TRUE	TRUE
ECA2159	ECA2159	20210121	TRUE	TRUE
ECA2163	ECA2159	20210121	FALSE	TRUE
ECA2167	ECA2151	20210121	FALSE	TRUE
ECA2171	ECA2151	20210121	FALSE	TRUE
ECA2175	ECA2151	20210121	FALSE	TRUE
ECA2179	ECA2187	20210121	FALSE	TRUE
ECA2183	ECA2183	20210121	TRUE	TRUE
ECA2187	ECA2187	20210121	TRUE	TRUE
ECA2191	ECA2191	20210121	TRUE	TRUE
ECA2195	ECA2195	20210121	TRUE	TRUE
ECA2199	ECA2199	20210121	TRUE	TRUE
ECA2203	ECA2195	20210121	FALSE	TRUE
ECA2207	ECA2195	20210121	FALSE	TRUE
ECA2247	ECA2489	20210121	FALSE	TRUE
ECA2249	ECA2473	20210121	FALSE	TRUE
ECA2251	ECA2251	20210121	TRUE	TRUE
ECA2253	ECA2482	20210121	FALSE	TRUE
ECA2255	ECA2473	20210121	FALSE	TRUE
ECA2281	ECA2281	20210121	TRUE	TRUE
ECA2283	ECA2281	20210121	FALSE	TRUE
ECA2285	ECA2281	20210121	FALSE	TRUE
ECA2287	ECA2281	20210121	FALSE	TRUE
ECA2289	ECA2336	20210121	FALSE	TRUE
ECA2291	ECA2291	20210121	TRUE	TRUE
ECA2307	ECA741	20210121	FALSE	TRUE
ECA2309	ECA2091	20210121	FALSE	TRUE
ECA2311	ECA2091	20210121	FALSE	TRUE
ECA2313	ECA2091	20210121	FALSE	TRUE
ECA2315	ECA2091	20210121	FALSE	TRUE
ECA2319	ECA2336	20210121	FALSE	TRUE
ECA2321	ECA1757	20210121	FALSE	TRUE
ECA2322	ECA1757	20210121	FALSE	TRUE
ECA2324	ECA1853	20210121	FALSE	TRUE
ECA2326	ECA2332	20210121	FALSE	TRUE
ECA2328	ECA2332	20210121	FALSE	TRUE
ECA2330	ECA2332	20210121	FALSE	TRUE
ECA2332	ECA2332	20210121	TRUE	TRUE
ECA2334	ECA2334	20210121	TRUE	TRUE
ECA2336	ECA2336	20210121	TRUE	TRUE
ECA2338	ECA2336	20210121	FALSE	TRUE
ECA2340	ECA2334	20210121	FALSE	TRUE
ECA2342	ECA2344	20210121	FALSE	TRUE
ECA2344	ECA2344	20210121	TRUE	TRUE
ECA2348	ECA2350	20210121	FALSE	TRUE
ECA2350	ECA2350	20210121	TRUE	TRUE
ECA2352	ECA2350	20210121	FALSE	TRUE
ECA2354	ECA2360	20210121	FALSE	TRUE
ECA2356	ECA2360	20210121	FALSE	TRUE
ECA2358	ECA2360	20210121	FALSE	TRUE
ECA2360	ECA2360	20210121	TRUE	TRUE
ECA2362	ECA2360	20210121	FALSE	TRUE
ECA2365	ECA363	20210121	FALSE	TRUE
ECA2367	ECA2367	20210121	TRUE	TRUE
ECA2375	ECA2377	20210121	FALSE	TRUE
ECA2377	ECA2377	20210121	TRUE	TRUE
ECA2401	ECA2473	20210121	FALSE	TRUE
ECA2403	ECA2473	20210121	FALSE	TRUE
ECA2405	ECA2473	20210121	FALSE	TRUE
ECA2413	ECA2417	20210121	FALSE	TRUE
ECA2415	ECA2417	20210121	FALSE	TRUE
ECA2417	ECA2417	20210121	TRUE	TRUE
ECA2419	ECA2417	20210121	FALSE	TRUE
ECA2421	ECA2417	20210121	FALSE	TRUE
ECA2423	ECA2417	20210121	FALSE	TRUE
ECA2429	ECA1281	20210121	FALSE	TRUE
ECA243	CB4851	20160408	TRUE	TRUE
ECA2431	ECA1281	20210121	FALSE	TRUE
ECA2433	ECA1281	20210121	FALSE	TRUE
ECA2435	ECA1281	20210121	FALSE	TRUE
ECA2437	ECA2437	20210121	TRUE	TRUE
ECA2439	ECA1281	20210121	FALSE	TRUE
ECA2443	ECA2443	20210121	TRUE	TRUE
ECA2445	ECA2443	20210121	FALSE	TRUE
ECA245	CB4853	20160408	FALSE	TRUE
ECA2452	ECA2452	20210121	TRUE	TRUE
ECA246	CB4853	20160408	TRUE	TRUE
ECA2467	ECA2467	20210121	TRUE	TRUE
ECA2473	ECA2473	20210121	TRUE	TRUE
ECA2475	ECA2475	20210121	TRUE	TRUE
ECA2477	ECA2475	20210121	FALSE	TRUE
ECA2479	ECA2475	20210121	FALSE	TRUE
ECA248	CB4855	20160408	TRUE	TRUE
ECA2481	ECA2481	20210121	TRUE	TRUE
ECA2482	ECA2482	20210121	TRUE	TRUE
ECA2485	ECA2475	20210121	FALSE	TRUE
ECA2487	ECA2475	20210121	FALSE	TRUE
ECA2489	ECA2489	20210121	TRUE	TRUE
ECA249	CB4857	20160408	FALSE	TRUE
ECA250	CB4857	20160408	TRUE	TRUE
ECA251	CB4858	20160408	TRUE	TRUE
ECA2521	ECA2533	20210121	FALSE	TRUE
ECA2522	ECA2522	20210121	TRUE	TRUE
ECA2523	ECA2523	20210121	TRUE	TRUE
ECA2524	ECA2523	20210121	FALSE	TRUE
ECA2525	ECA2533	20210121	FALSE	TRUE
ECA2526	ECA2536	20210121	FALSE	TRUE
ECA2527	ECA2527	20210121	TRUE	TRUE
ECA2528	ECA2527	20210121	FALSE	TRUE
ECA2529	ECA2529	20210121	TRUE	TRUE
ECA253	N2	20160408	FALSE	TRUE
ECA2532	ECA2533	20210121	FALSE	TRUE
ECA2533	ECA2533	20210121	TRUE	TRUE
ECA2534	ECA2533	20210121	FALSE	TRUE
ECA2535	ECA2536	20210121	FALSE	TRUE
ECA2536	ECA2536	20210121	TRUE	TRUE
ECA2537	ECA2533	20210121	FALSE	TRUE
ECA254	N2	20160408	FALSE	TRUE
ECA2546	ECA2546	20210121	TRUE	TRUE
ECA2547	ECA2546	20210121	FALSE	TRUE
ECA2548	ECA2672	20210121	FALSE	TRUE
ECA2549	ECA2549	20210121	TRUE	TRUE
ECA2550	ECA2551	20210121	FALSE	TRUE
ECA2551	ECA2551	20210121	TRUE	TRUE
ECA2552	ECA2672	20210121	FALSE	TRUE
ECA2553	ECA2551	20210121	FALSE	TRUE
ECA2554	ECA2554	20210121	TRUE	TRUE
ECA2555	ECA2555	20210121	TRUE	TRUE
ECA2556	ECA2559	20210121	FALSE	TRUE
ECA2557	ECA2559	20210121	FALSE	TRUE
ECA2558	ECA2609	20210121	FALSE	TRUE
ECA2559	ECA2559	20210121	TRUE	TRUE
ECA2560	ECA2560	20210121	TRUE	TRUE
ECA2561	ECA2561	20210121	TRUE	TRUE
ECA2562	ECA2565	20210121	FALSE	TRUE
ECA2563	ECA2565	20210121	FALSE	TRUE
ECA2564	ECA2565	20210121	FALSE	TRUE
ECA2565	ECA2565	20210121	TRUE	TRUE
ECA2566	ECA2565	20210121	FALSE	TRUE
ECA2567	ECA2565	20210121	FALSE	TRUE
ECA2568	ECA2568	20210121	TRUE	TRUE
ECA2569	ECA2603	20210121	FALSE	TRUE
ECA2570	ECA2561	20210121	FALSE	TRUE
ECA2571	ECA2581	20210121	FALSE	TRUE
ECA2572	ECA2581	20210121	FALSE	TRUE
ECA2573	ECA2581	20210121	FALSE	TRUE
ECA2574	ECA2603	20210121	FALSE	TRUE
ECA2575	ECA2603	20210121	FALSE	TRUE
ECA2576	ECA2676	20210121	FALSE	TRUE
ECA2577	ECA2603	20210121	FALSE	TRUE
ECA2578	ECA2603	20210121	FALSE	TRUE
ECA2579	ECA2561	20210121	FALSE	TRUE
ECA2580	ECA2561	20210121	FALSE	TRUE
ECA2581	ECA2581	20210121	TRUE	TRUE
ECA2582	ECA2546	20210121	FALSE	TRUE
ECA2583	ECA2583	20210121	TRUE	TRUE
ECA2584	ECA2584	20210121	TRUE	TRUE
ECA2585	ECA2672	20210121	FALSE	TRUE
ECA2586	ECA2584	20210121	FALSE	TRUE
ECA2589	ECA2594	20210121	FALSE	TRUE
ECA259	PB306	20160408	TRUE	TRUE
ECA2590	ECA2595	20210121	FALSE	TRUE
ECA2591	ECA2594	20210121	FALSE	TRUE
ECA2592	ECA2594	20210121	FALSE	TRUE
ECA2593	ECA2595	20210121	FALSE	TRUE
ECA2594	ECA2594	20210121	TRUE	TRUE
ECA2595	ECA2595	20210121	TRUE	TRUE
ECA2596	ECA2584	20210121	FALSE	TRUE
ECA2597	ECA2584	20210121	FALSE	TRUE
ECA2598	ECA2603	20210121	FALSE	TRUE
ECA2599	ECA2601	20210121	FALSE	TRUE
ECA2600	ECA2601	20210121	FALSE	TRUE
ECA2601	ECA2601	20210121	TRUE	TRUE
ECA2602	ECA2602	20210121	TRUE	TRUE
ECA2603	ECA2603	20210121	TRUE	TRUE
ECA2605	ECA2595	20210121	FALSE	TRUE
ECA2606	ECA2594	20210121	FALSE	TRUE
ECA2607	ECA2607	20210121	TRUE	TRUE
ECA2608	ECA2672	20210121	FALSE	TRUE
ECA2609	ECA2609	20210121	TRUE	TRUE
ECA2610	ECA2609	20210121	FALSE	TRUE
ECA2611	ECA2660	20210121	FALSE	TRUE
ECA2612	ECA2612	20210121	TRUE	TRUE
ECA2615	ECA2615	20210121	TRUE	TRUE
ECA2641	ECA2641	20210121	TRUE	TRUE
ECA2642	ECA2641	20210121	FALSE	TRUE
ECA2643	ECA2551	20210121	FALSE	TRUE
ECA2644	ECA2641	20210121	FALSE	TRUE
ECA2648	ECA2648	20210121	TRUE	TRUE
ECA2649	ECA2551	20210121	FALSE	TRUE
ECA2650	ECA2603	20210121	FALSE	TRUE
ECA2651	ECA2561	20210121	FALSE	TRUE
ECA2652	ECA2594	20210121	FALSE	TRUE
ECA2653	ECA2595	20210121	FALSE	TRUE
ECA2654	ECA2602	20210121	FALSE	TRUE
ECA2656	ECA2656	20210121	TRUE	TRUE
ECA2657	ECA2672	20210121	FALSE	TRUE
ECA2658	ECA2612	20210121	FALSE	TRUE
ECA2659	ECA2659	20210121	TRUE	TRUE
ECA2660	ECA2660	20210121	TRUE	TRUE
ECA2672	ECA2672	20210121	TRUE	TRUE
ECA2673	ECA2551	20210121	FALSE	TRUE
ECA2674	ECA2551	20210121	FALSE	TRUE
ECA2675	ECA2609	20210121	FALSE	TRUE
ECA2676	ECA2676	20210121	TRUE	TRUE
ECA347	ECA347	20180413	TRUE	TRUE
ECA348	ECA348	20170531	TRUE	TRUE
ECA349	ECA349	20170531	TRUE	TRUE
ECA350	ECA349	20170531	FALSE	TRUE
ECA36	ECA36	20160408	TRUE	TRUE
ECA363	ECA363	20170531	TRUE	TRUE
ECA369	ECA369	20170531	TRUE	TRUE
ECA372	ECA372	20170531	TRUE	TRUE
ECA393	ECA189	20170531	FALSE	TRUE
ECA394	ECA189	20180413	FALSE	TRUE
ECA395	ECA189	20170531	FALSE	TRUE
ECA396	ECA396	20170531	TRUE	TRUE
ECA397	ECA396	20170531	FALSE	TRUE
ECA398	ECA396	20170531	FALSE	TRUE
ECA399	ECA396	20170531	FALSE	TRUE
ECA551	JU311	20170531	FALSE	TRUE
ECA552	MY2573	20180413	FALSE	TRUE
ECA571	ED3073	20180413	FALSE	TRUE
ECA572	ED3073	20180413	FALSE	TRUE
ECA589	JU1395	20160408	FALSE	TRUE
ECA592	ECA592	20180413	TRUE	TRUE
ECA593	ECA593	20180413	TRUE	TRUE
ECA594	ECA594	20180413	TRUE	TRUE
ECA615	JU1581	20170531	FALSE	TRUE
ECA616	JU1530	20160408	FALSE	TRUE
ECA640	ECA640	20180413	TRUE	TRUE
ECA694	ECA348	20210121	FALSE	TRUE
ECA695	ECA348	20210121	FALSE	TRUE
ECA701	ECA701	20180413	TRUE	TRUE
ECA702	ECA701	20180413	FALSE	TRUE
ECA703	ECA703	20180413	TRUE	TRUE
ECA704	ECA812	20180413	FALSE	TRUE
ECA705	ECA705	20180413	TRUE	TRUE
ECA706	ECA706	20180413	TRUE	TRUE
ECA707	ECA778	20180413	FALSE	TRUE
ECA708	ECA778	20180413	FALSE	TRUE
ECA709	ECA778	20180413	FALSE	TRUE
ECA710	ECA710	20180413	TRUE	TRUE
ECA711	ECA712	20180413	FALSE	TRUE
ECA712	ECA712	20180413	TRUE	TRUE
ECA713	ECA712	20180413	FALSE	TRUE
ECA714	ECA712	20180413	FALSE	TRUE
ECA715	ECA712	20180413	FALSE	TRUE
ECA716	ECA807	20180413	FALSE	TRUE
ECA717	ECA807	20180413	FALSE	TRUE
ECA718	ECA807	20180413	FALSE	TRUE
ECA719	ECA812	20180413	FALSE	TRUE
ECA720	ECA807	20180413	FALSE	TRUE
ECA721	ECA778	20180413	FALSE	TRUE
ECA722	ECA722	20180413	TRUE	TRUE
ECA723	ECA723	20180413	TRUE	TRUE
ECA724	ECA724	20180413	TRUE	TRUE
ECA725	ECA724	20180413	FALSE	TRUE
ECA726	ECA724	20180413	FALSE	TRUE
ECA727	ECA724	20180413	FALSE	TRUE
ECA728	ECA723	20180413	FALSE	TRUE
ECA729	ECA723	20180413	FALSE	TRUE
ECA730	ECA730	20180413	TRUE	TRUE
ECA731	ECA733	20180413	FALSE	TRUE
ECA732	ECA732	20180413	TRUE	TRUE
ECA733	ECA733	20180413	TRUE	TRUE
ECA734	ECA738	20180413	FALSE	TRUE
ECA735	ECA738	20180413	FALSE	TRUE
ECA736	ECA738	20180413	FALSE	TRUE
ECA737	ECA738	20180413	FALSE	TRUE
ECA738	ECA738	20180413	TRUE	TRUE
ECA739	ECA760	20180413	FALSE	TRUE
ECA740	ECA740	20180413	TRUE	TRUE
ECA741	ECA741	20180413	TRUE	TRUE
ECA742	ECA742	20180413	TRUE	TRUE
ECA743	ECA743	20180413	TRUE	TRUE
ECA744	ECA744	20180413	TRUE	TRUE
ECA745	ECA745	20180413	TRUE	TRUE
ECA746	ECA746	20180413	TRUE	TRUE
ECA747	ECA745	20180413	FALSE	TRUE
ECA748	ECA812	20180413	FALSE	TRUE
ECA749	ECA760	20180413	FALSE	TRUE
ECA750	ECA812	20180413	FALSE	TRUE
ECA751	ECA812	20180413	FALSE	TRUE
ECA752	ECA760	20180413	FALSE	TRUE
ECA753	ECA760	20180413	FALSE	TRUE
ECA754	ECA760	20180413	FALSE	TRUE
ECA755	ECA812	20180413	FALSE	TRUE
ECA756	ECA778	20180413	FALSE	TRUE
ECA757	ECA778	20180413	FALSE	TRUE
ECA758	ECA760	20180413	FALSE	TRUE
ECA759	ECA812	20180413	FALSE	TRUE
ECA760	ECA760	20180413	TRUE	TRUE
ECA761	ECA812	20180413	FALSE	TRUE
ECA762	ECA812	20180413	FALSE	TRUE
ECA763	ECA778	20180413	FALSE	TRUE
ECA764	ECA778	20180413	FALSE	TRUE
ECA765	ECA778	20180413	FALSE	TRUE
ECA766	ECA778	20180413	FALSE	TRUE
ECA767	ECA778	20180413	FALSE	TRUE
ECA768	ECA768	20180413	TRUE	TRUE
ECA769	ECA760	20180413	FALSE	TRUE
ECA770	ECA807	20180413	FALSE	TRUE
ECA771	ECA812	20180413	FALSE	TRUE
ECA772	ECA768	20180413	FALSE	TRUE
ECA773	ECA812	20180413	FALSE	TRUE
ECA774	ECA812	20180413	FALSE	TRUE
ECA775	ECA812	20180413	FALSE	TRUE
ECA776	ECA812	20180413	FALSE	TRUE
ECA777	ECA777	20180413	TRUE	TRUE
ECA778	ECA778	20180413	TRUE	TRUE
ECA779	ECA760	20180413	FALSE	TRUE
ECA780	ECA760	20180413	FALSE	TRUE
ECA781	ECA778	20180413	FALSE	TRUE
ECA782	ECA812	20180413	FALSE	TRUE
ECA783	ECA812	20180413	FALSE	TRUE
ECA784	ECA760	20180413	FALSE	TRUE
ECA785	ECA760	20180413	FALSE	TRUE
ECA786	ECA812	20180413	FALSE	TRUE
ECA787	ECA812	20180413	FALSE	TRUE
ECA807	ECA807	20180413	TRUE	TRUE
ECA808	ECA760	20180413	FALSE	TRUE
ECA809	ECA812	20180413	FALSE	TRUE
ECA810	ECA778	20180413	FALSE	TRUE
ECA811	ECA778	20180413	FALSE	TRUE
ECA812	ECA812	20180413	TRUE	TRUE
ECA813	ECA812	20180413	FALSE	TRUE
ECA822	ECA705	20180413	FALSE	TRUE
ECA922	ECA923	20180413	FALSE	TRUE
ECA923	ECA923	20180413	TRUE	TRUE
ECA924	ECA923	20180413	FALSE	TRUE
ECA925	ECA923	20180413	FALSE	TRUE
ECA926	ECA928	20180413	FALSE	TRUE
ECA927	ECA923	20180413	FALSE	TRUE
ECA928	ECA928	20180413	TRUE	TRUE
ECA930	ECA930	20180413	TRUE	TRUE
ED3005	ED3005	20160408	TRUE	TRUE
ED3011	ED3011	20160408	TRUE	TRUE
ED3012	ED3012	20160408	TRUE	TRUE
ED3017	ED3017	20160408	TRUE	TRUE
ED3040	ED3040	20160408	TRUE	TRUE
ED3046	ED3046	20160408	TRUE	TRUE
ED3048	ED3048	20160408	TRUE	TRUE
ED3049	ED3049	20160408	TRUE	TRUE
ED3052	ED3052	20160408	TRUE	TRUE
ED3073	ED3073	20160408	TRUE	TRUE
ED3077	ED3077	20160408	TRUE	TRUE
EG4347	EG4347	20160408	TRUE	TRUE
EG4349	EG4349	20160408	TRUE	TRUE
EG4724	EG4724	20160408	TRUE	TRUE
EG4725	EG4725	20160408	TRUE	TRUE
EG4946	EG4946	20160408	TRUE	TRUE
GXW1	GXW1	20160408	TRUE	TRUE
JR4305	JR4305	20210121	TRUE	TRUE
JT11398	JT11398	20160408	TRUE	TRUE
JU1088	JU1088	20160408	TRUE	TRUE
JU1172	JU1172	20160408	TRUE	TRUE
JU1200	JU1200	20160408	TRUE	TRUE
JU1212	JU1212	20160408	TRUE	TRUE
JU1213	JU1213	20160408	TRUE	TRUE
JU1242	JU1242	20160408	TRUE	TRUE
JU1246	JU1246	20160408	TRUE	TRUE
JU1249	JU1249	20170531	TRUE	TRUE
JU1395	JU1395	20160408	TRUE	TRUE
JU1400	JU1400	20160408	TRUE	TRUE
JU1409	JU1409	20160408	TRUE	TRUE
JU1440	JU1440	20160408	TRUE	TRUE
JU1491	JU1491	20160408	TRUE	TRUE
JU1511	JU792	20200815	FALSE	TRUE
JU1516	JU1581	20160408	FALSE	TRUE
JU1530	JU1530	20160408	TRUE	TRUE
JU1543	JU1543	20170531	TRUE	TRUE
JU1568	JU1568	20160408	TRUE	TRUE
JU1580	JU1793	20200815	FALSE	TRUE
JU1581	JU1581	20160408	TRUE	TRUE
JU1586	JU1586	20160408	TRUE	TRUE
JU1652	JU1652	20160408	TRUE	TRUE
JU1656	JU1213	20170531	FALSE	TRUE
JU1666	JU1666	20170531	TRUE	TRUE
JU1762	JU1213	20170531	FALSE	TRUE
JU1770	JU1213	20170531	FALSE	TRUE
JU1792	JU1792	20170531	TRUE	TRUE
JU1793	JU1793	20170531	TRUE	TRUE
JU1807	JU1581	20170531	FALSE	TRUE
JU1808	JU1808	20170531	TRUE	TRUE
JU1896	JU1896	20160408	TRUE	TRUE
JU1920	JU1793	20170531	FALSE	TRUE
JU1922	JU1793	20170531	FALSE	TRUE
JU1924	JU2600	20170531	FALSE	TRUE
JU1926	JU2600	20200815	FALSE	TRUE
JU1929	JU1793	20170531	FALSE	TRUE
JU1931	JU1793	20200815	FALSE	TRUE
JU1934	JU1934	20170531	TRUE	TRUE
JU1941	JU1581	20200815	FALSE	TRUE
JU1960	CB4858	20170531	FALSE	TRUE
JU2001	JU2001	20160408	TRUE	TRUE
JU2007	JU2007	20160408	TRUE	TRUE
JU2016	JU2016	20170531	TRUE	TRUE
JU2017	JU2017	20170531	TRUE	TRUE
JU2106	JU2106	20170531	TRUE	TRUE
JU2131	JU2131	20170531	TRUE	TRUE
JU2139	JU1793	20170531	FALSE	TRUE
JU2141	JU2141	20170531	TRUE	TRUE
JU2151	JU2600	20170531	FALSE	TRUE
JU2234	JU2234	20170531	TRUE	TRUE
JU2250	JU2250	20170531	TRUE	TRUE
JU2257	JU2257	20170531	TRUE	TRUE
JU2287	JU2257	20170531	FALSE	TRUE
JU2316	JU2316	20160408	TRUE	TRUE
JU2460	JU792	20170531	FALSE	TRUE
JU2464	JU2464	20160408	TRUE	TRUE
JU2466	JU2466	20160408	TRUE	TRUE
JU2467	JU2464	20160408	FALSE	TRUE
JU2468	JU2464	20160408	FALSE	TRUE
JU2478	JU2478	20170531	TRUE	TRUE
JU2513	JU2513	20160408	TRUE	TRUE
JU2519	JU2519	20160408	TRUE	TRUE
JU2522	JU2522	20160408	TRUE	TRUE
JU2526	JU2526	20160408	TRUE	TRUE
JU2527	JU792	20170531	FALSE	TRUE
JU2534	JU2534	20170531	TRUE	TRUE
JU2565	JU2565	20170531	TRUE	TRUE
JU2566	JU2566	20170531	TRUE	TRUE
JU2570	JU2570	20170531	TRUE	TRUE
JU2572	JU2572	20170531	TRUE	TRUE
JU2575	JU2575	20170531	TRUE	TRUE
JU2576	JU2576	20170531	TRUE	TRUE
JU2578	JU2578	20170531	TRUE	TRUE
JU258	JU258	20160408	TRUE	TRUE
JU2581	JU2581	20170531	TRUE	TRUE
JU2586	JU2586	20170531	TRUE	TRUE
JU2587	JU2587	20170531	TRUE	TRUE
JU2592	JU2592	20170531	TRUE	TRUE
JU2593	JU2593	20170531	TRUE	TRUE
JU2600	JU2600	20170531	TRUE	TRUE
JU2604	JU1793	20170531	FALSE	TRUE
JU2605	JU1793	20170531	FALSE	TRUE
JU2610	JU2610	20170531	TRUE	TRUE
JU2619	JU2619	20170531	TRUE	TRUE
JU2800	JU2800	20170531	TRUE	TRUE
JU2802	JU2800	20170531	FALSE	TRUE
JU2811	JU2811	20170531	TRUE	TRUE
JU2825	JU2825	20170531	TRUE	TRUE
JU2828	JU2829	20170531	FALSE	TRUE
JU2829	JU2829	20170531	TRUE	TRUE
JU2830	JU2829	20170531	FALSE	TRUE
JU2838	JU2838	20170531	TRUE	TRUE
JU2841	JU2841	20170531	TRUE	TRUE
JU2853	JU2853	20170531	TRUE	TRUE
JU2860	JU1200	20170531	FALSE	TRUE
JU2862	JU2862	20170531	TRUE	TRUE
JU2866	JU2866	20170531	TRUE	TRUE
JU2878	JU2878	20170531	TRUE	TRUE
JU2879	JU2879	20170531	TRUE	TRUE
JU2906	JU2906	20170531	TRUE	TRUE
JU2907	JU2907	20170531	TRUE	TRUE
JU2908	JU2907	20170531	FALSE	TRUE
JU310	JU310	20160408	TRUE	TRUE
JU311	JU311	20160408	TRUE	TRUE
JU312	JU311	20160408	FALSE	TRUE
JU3125	JU3125	20170531	TRUE	TRUE
JU3127	JU3127	20170531	TRUE	TRUE
JU3128	JU3128	20170531	TRUE	TRUE
JU3131	JU323	20170531	FALSE	TRUE
JU3132	JU3132	20170531	TRUE	TRUE
JU3133	JU1440	20170531	FALSE	TRUE
JU3134	JU3134	20170531	TRUE	TRUE
JU3135	JU3135	20170531	TRUE	TRUE
JU3136	MY2453	20170531	FALSE	TRUE
JU3137	JU3137	20170531	TRUE	TRUE
JU3138	JU2600	20170531	FALSE	TRUE
JU3139	JU1666	20170531	FALSE	TRUE
JU3140	JU3140	20170531	TRUE	TRUE
JU3141	JU3141	20180413	TRUE	TRUE
JU3142	JU792	20170531	FALSE	TRUE
JU3144	JU3144	20170531	TRUE	TRUE
JU315	JU311	20160408	FALSE	TRUE
JU3166	JU3166	20180413	TRUE	TRUE
JU3167	JU3167	20180413	TRUE	TRUE
JU3169	JU3169	20180413	TRUE	TRUE
JU3224	JU3224	20180413	TRUE	TRUE
JU3225	JU3225	20180413	TRUE	TRUE
JU3226	JU3226	20180413	TRUE	TRUE
JU3227	JU3228	20180413	FALSE	TRUE
JU3228	JU3228	20180413	TRUE	TRUE
JU323	JU323	20160408	TRUE	TRUE
JU3271	JU1793	20180413	FALSE	TRUE
JU3280	JU3280	20180413	TRUE	TRUE
JU3282	JU3282	20180413	TRUE	TRUE
JU3291	JU3291	20180413	TRUE	TRUE
JU3318	JU3318	20200815	TRUE	TRUE
JU3398	JU1793	20200815	FALSE	TRUE
JU3399	JU1793	20200815	FALSE	TRUE
JU3400	JU1793	20200815	FALSE	TRUE
JU3401	JU1793	20200815	FALSE	TRUE
JU3402	JU1793	20200815	FALSE	TRUE
JU3403	JU1793	20200815	FALSE	TRUE
JU345	JU346	20170531	FALSE	TRUE
JU346	JU346	20160408	TRUE	TRUE
JU360	JU360	20160408	TRUE	TRUE
JU363	JU360	20160408	FALSE	TRUE
JU367	JU367	20160408	TRUE	TRUE
JU3785	JU1793	20210121	FALSE	TRUE
JU3786	JU1793	20210121	FALSE	TRUE
JU3791	JU2600	20210121	FALSE	TRUE
JU3795	JU3795	20210121	TRUE	TRUE
JU393	JU393	20160408	TRUE	TRUE
JU394	JU394	20160408	TRUE	TRUE
JU397	JU397	20160408	TRUE	TRUE
JU4047	JU4047	20210121	TRUE	TRUE
JU4048	JU4047	20210121	FALSE	TRUE
JU4054	JU4047	20210121	FALSE	TRUE
JU406	JU406	20160408	TRUE	TRUE
JU4067	JU4047	20210121	FALSE	TRUE
JU4069	JU4047	20210121	FALSE	TRUE
JU4071	JU4073	20210121	FALSE	TRUE
JU4072	JU4047	20210121	FALSE	TRUE
JU4073	JU4073	20210121	TRUE	TRUE
JU4074	JU4073	20210121	FALSE	TRUE
JU4075	JU4047	20210121	FALSE	TRUE
JU4082	JU4082	20210121	TRUE	TRUE
JU4085	JU4082	20210121	FALSE	TRUE
JU4098	JU4098	20210121	TRUE	TRUE
JU440	JU440	20160408	TRUE	TRUE
JU561	JU561	20160408	TRUE	TRUE
JU642	JU642	20160408	TRUE	TRUE
JU751	JU751	20160408	TRUE	TRUE
JU755	JU751	20210121	FALSE	TRUE
JU774	JU774	20160408	TRUE	TRUE
JU775	JU775	20160408	TRUE	TRUE
JU778	JU778	20160408	TRUE	TRUE
JU782	JU782	20160408	TRUE	TRUE
JU792	JU792	20160408	TRUE	TRUE
JU830	JU830	20160408	TRUE	TRUE
JU847	JU847	20160408	TRUE	TRUE
KR314	KR314	20160408	TRUE	TRUE
LKC34	LKC34	20160408	TRUE	TRUE
MY1	MY1	20160408	TRUE	TRUE
MY10	MY10	20160408	TRUE	TRUE
MY16	MY16	20160408	TRUE	TRUE
MY18	MY18	20160408	TRUE	TRUE
MY2001	MY2453	20180413	FALSE	TRUE
MY2004	MY2453	20170531	FALSE	TRUE
MY2011	MY2453	20170531	FALSE	TRUE
MY2014	MY2453	20170531	FALSE	TRUE
MY2022	RC301	20170531	FALSE	TRUE
MY2024	RC301	20170531	FALSE	TRUE
MY2042	MY920	20170531	FALSE	TRUE
MY2050	MY2453	20170531	FALSE	TRUE
MY2051	MY2453	20170531	FALSE	TRUE
MY2054	MY2453	20170531	FALSE	TRUE
MY2078	RC301	20170531	FALSE	TRUE
MY2079	MY679	20200815	FALSE	TRUE
MY2097	MY920	20180413	FALSE	TRUE
MY2099	MY795	20170531	FALSE	TRUE
MY2109	MY2741	20170531	FALSE	TRUE
MY2121	MY2453	20170531	FALSE	TRUE
MY2137	MY2453	20170531	FALSE	TRUE
MY2138	MY920	20170531	FALSE	TRUE
MY2142	MY2573	20170531	FALSE	TRUE
MY2143	MY2147	20170531	FALSE	TRUE
MY2144	MY2573	20170531	FALSE	TRUE
MY2147	MY2147	20170531	TRUE	TRUE
MY2198	MY2573	20170531	FALSE	TRUE
MY2199	MY2453	20170531	FALSE	TRUE
MY2208	MY2573	20170531	FALSE	TRUE
MY2212	MY2212	20170531	TRUE	TRUE
MY2224	MY2573	20170531	FALSE	TRUE
MY2239	MY2573	20180413	FALSE	TRUE
MY2282	MY2573	20170531	FALSE	TRUE
MY2288	MY2453	20170531	FALSE	TRUE
MY2291	RC301	20170531	FALSE	TRUE
MY2294	MY2573	20170531	FALSE	TRUE
MY23	MY23	20160408	TRUE	TRUE
MY2338	MY2573	20170531	FALSE	TRUE
MY2339	MY2453	20170531	FALSE	TRUE
MY2344	MY2535	20170531	FALSE	TRUE
MY2347	MY920	20170531	FALSE	TRUE
MY2373	MY920	20170531	FALSE	TRUE
MY2406	MY920	20170531	FALSE	TRUE
MY2434	MY2573	20170531	FALSE	TRUE
MY2443	MY2573	20170531	FALSE	TRUE
MY2453	MY2453	20170531	TRUE	TRUE
MY2479	MY920	20180413	FALSE	TRUE
MY2481	JU311	20170531	FALSE	TRUE
MY2491	MY2573	20170531	FALSE	TRUE
MY2502	MY2453	20170531	FALSE	TRUE
MY2530	MY2530	20170531	TRUE	TRUE
MY2532	MY2535	20170531	FALSE	TRUE
MY2535	MY2535	20170531	TRUE	TRUE
MY2541	MY2453	20170531	FALSE	TRUE
MY2573	MY2573	20170531	TRUE	TRUE
MY2579	MY2453	20170531	FALSE	TRUE
MY2585	MY2585	20170531	TRUE	TRUE
MY2622	MY2453	20180413	FALSE	TRUE
MY2623	MY2585	20170531	FALSE	TRUE
MY2630	RC301	20170531	FALSE	TRUE
MY2635	MY2713	20170531	FALSE	TRUE
MY2636	RC301	20170531	FALSE	TRUE
MY2640	RC301	20170531	FALSE	TRUE
MY2679	MY2713	20170531	FALSE	TRUE
MY2681	RC301	20170531	FALSE	TRUE
MY2684	RC301	20170531	FALSE	TRUE
MY2685	MY2693	20170531	FALSE	TRUE
MY2688	MY920	20170531	FALSE	TRUE
MY2689	MY2713	20170531	FALSE	TRUE
MY2691	RC301	20170531	FALSE	TRUE
MY2692	MY2741	20170531	FALSE	TRUE
MY2693	MY2693	20170531	TRUE	TRUE
MY2713	MY2713	20170531	TRUE	TRUE
MY2719	MY2693	20170531	FALSE	TRUE
MY2741	MY2741	20170531	TRUE	TRUE
MY508	MY2453	20180413	FALSE	TRUE
MY518	MY518	20170531	TRUE	TRUE
MY524	MY2453	20170531	FALSE	TRUE
MY538	MY795	20170531	FALSE	TRUE
MY559	MY2573	20170531	FALSE	TRUE
MY561	MY2453	20170531	FALSE	TRUE
MY564	MY2453	20170531	FALSE	TRUE
MY570	MY2453	20170531	FALSE	TRUE
MY579	MY2573	20170531	FALSE	TRUE
MY589	MY920	20170531	FALSE	TRUE
MY673	MY795	20180413	FALSE	TRUE
MY679	MY679	20170531	TRUE	TRUE
MY684	RC301	20170531	FALSE	TRUE
MY710	MY2573	20170531	FALSE	TRUE
MY713	MY2453	20170531	FALSE	TRUE
MY741	MY920	20170531	FALSE	TRUE
MY772	MY772	20170531	TRUE	TRUE
MY792	MY2453	20170531	FALSE	TRUE
MY795	MY795	20170531	TRUE	TRUE
MY803	MY2713	20170531	FALSE	TRUE
MY804	MY2573	20180413	FALSE	TRUE
MY819	MY2453	20170531	FALSE	TRUE
MY864	MY2453	20170531	FALSE	TRUE
MY881	MY2535	20170531	FALSE	TRUE
MY882	RC301	20170531	FALSE	TRUE
MY887	MY920	20170531	FALSE	TRUE
MY904	MY2453	20180413	FALSE	TRUE
MY920	MY920	20170531	TRUE	TRUE
MY934	MY2573	20170531	FALSE	TRUE
MY965	MY2453	20170531	FALSE	TRUE
MY990	MY920	20170531	FALSE	TRUE
MY991	MY679	20170531	FALSE	TRUE
N2	N2	20160408	TRUE	TRUE
NIC1	NIC1	20160408	TRUE	TRUE
NIC1049	NIC1049	20170531	TRUE	TRUE
NIC1107	NIC1107	20170531	TRUE	TRUE
NIC1119	NIC1119	20180413	TRUE	TRUE
NIC1604	MY2573	20180413	FALSE	TRUE
NIC166	NIC166	20160408	TRUE	TRUE
NIC1779	NIC1779	20200815	TRUE	TRUE
NIC1780	NIC1780	20200815	TRUE	TRUE
NIC1781	NIC1806	20200815	FALSE	TRUE
NIC1782	NIC1782	20210121	TRUE	TRUE
NIC1783	NIC1783	20200815	TRUE	TRUE
NIC1785	NIC1785	20200815	TRUE	TRUE
NIC1786	NIC1786	20200815	TRUE	TRUE
NIC1787	NIC1787	20200815	TRUE	TRUE
NIC1788	NIC1788	20200815	TRUE	TRUE
NIC1789	NIC1789	20200815	TRUE	TRUE
NIC1790	NIC1790	20210121	TRUE	TRUE
NIC1791	NIC1791	20210121	TRUE	TRUE
NIC1792	NIC1792	20210121	TRUE	TRUE
NIC1793	NIC1794	20200815	FALSE	TRUE
NIC1794	NIC1794	20200815	TRUE	TRUE
NIC1795	NIC1788	20200815	FALSE	TRUE
NIC1796	NIC1796	20200815	TRUE	TRUE
NIC1797	NIC1798	20200815	FALSE	TRUE
NIC1798	NIC1798	20200815	TRUE	TRUE
NIC1799	NIC1799	20200815	TRUE	TRUE
NIC1800	NIC1806	20200815	FALSE	TRUE
NIC1801	NIC1801	20200815	TRUE	TRUE
NIC1802	NIC1802	20200815	TRUE	TRUE
NIC1803	NIC1805	20200815	FALSE	TRUE
NIC1804	NIC1805	20210121	FALSE	TRUE
NIC1805	NIC1805	20200815	TRUE	TRUE
NIC1806	NIC1806	20200815	TRUE	TRUE
NIC1807	NIC1806	20210121	FALSE	TRUE
NIC1808	NIC1808	20200815	TRUE	TRUE
NIC1809	NIC1809	20200815	TRUE	TRUE
NIC1810	NIC1810	20200815	TRUE	TRUE
NIC1811	NIC1811	20200815	TRUE	TRUE
NIC1812	NIC1812	20200815	TRUE	TRUE
NIC1832	NIC1832	20200815	TRUE	TRUE
NIC195	NIC195	20160408	TRUE	TRUE
NIC196	NIC195	20160408	FALSE	TRUE
NIC197	NIC195	20160408	FALSE	TRUE
NIC1977	JU642	20210121	FALSE	TRUE
NIC198	NIC195	20160408	FALSE	TRUE
NIC1980	JU642	20210121	FALSE	TRUE
NIC1985	JU642	20210121	FALSE	TRUE
NIC199	NIC199	20160408	TRUE	TRUE
NIC2	NIC2	20160408	TRUE	TRUE
NIC200	NIC199	20160408	FALSE	TRUE
NIC2002	JU642	20210121	FALSE	TRUE
NIC2004	JU642	20210121	FALSE	TRUE
NIC2011	JU642	20210121	FALSE	TRUE
NIC207	NIC207	20160408	TRUE	TRUE
NIC231	NIC231	20160408	TRUE	TRUE
NIC232	NIC231	20160408	FALSE	TRUE
NIC236	NIC236	20160408	TRUE	TRUE
NIC237	NIC236	20160408	FALSE	TRUE
NIC242	NIC242	20160408	TRUE	TRUE
NIC251	NIC251	20160408	TRUE	TRUE
NIC252	NIC252	20160408	TRUE	TRUE
NIC255	NIC255	20160408	TRUE	TRUE
NIC256	NIC256	20160408	TRUE	TRUE
NIC258	NIC258	20160408	TRUE	TRUE
NIC259	NIC259	20160408	TRUE	TRUE
NIC260	NIC260	20160408	TRUE	TRUE
NIC261	NIC261	20160408	TRUE	TRUE
NIC262	NIC262	20160408	TRUE	TRUE
NIC263	NIC256	20160408	FALSE	TRUE
NIC265	NIC265	20160408	TRUE	TRUE
NIC266	NIC266	20160408	TRUE	TRUE
NIC267	NIC267	20160408	TRUE	TRUE
NIC268	NIC268	20160408	TRUE	TRUE
NIC269	NIC269	20160408	TRUE	TRUE
NIC270	NIC267	20160408	FALSE	TRUE
NIC271	NIC271	20160408	TRUE	TRUE
NIC272	NIC272	20160408	TRUE	TRUE
NIC273	NIC272	20160408	FALSE	TRUE
NIC274	NIC274	20160408	TRUE	TRUE
NIC275	NIC275	20160408	TRUE	TRUE
NIC276	NIC276	20160408	TRUE	TRUE
NIC277	NIC277	20160408	TRUE	TRUE
NIC3	NIC3	20160408	TRUE	TRUE
NIC4	NIC3	20160408	FALSE	TRUE
NIC501	NIC501	20170531	TRUE	TRUE
NIC508	MY2535	20170531	FALSE	TRUE
NIC511	NIC511	20170531	TRUE	TRUE
NIC512	MY2535	20170531	FALSE	TRUE
NIC513	NIC513	20170531	TRUE	TRUE
NIC514	NIC514	20170531	TRUE	TRUE
NIC515	NIC515	20170531	TRUE	TRUE
NIC521	NIC527	20170531	FALSE	TRUE
NIC522	NIC522	20170531	TRUE	TRUE
NIC523	NIC523	20170531	TRUE	TRUE
NIC526	NIC526	20170531	TRUE	TRUE
NIC527	NIC527	20170531	TRUE	TRUE
NIC528	NIC528	20170531	TRUE	TRUE
NIC529	NIC529	20170531	TRUE	TRUE
PB303	PB303	20160408	TRUE	TRUE
PS2025	PS2025	20160408	TRUE	TRUE
PX179	PX179	20160408	TRUE	TRUE
QG2075	QG2075	20160408	TRUE	TRUE
QG2810	QG2811	20180413	FALSE	TRUE
QG2811	QG2811	20180413	TRUE	TRUE
QG2812	QG2813	20180413	FALSE	TRUE
QG2813	QG2813	20180413	TRUE	TRUE
QG2818	QG2818	20180413	TRUE	TRUE
QG2823	QG2823	20180413	TRUE	TRUE
QG2824	QG2824	20180413	TRUE	TRUE
QG2825	QG2825	20180413	TRUE	TRUE
QG2826	QG2823	20180413	FALSE	TRUE
QG2827	QG2827	20180413	TRUE	TRUE
QG2828	QG2828	20180413	TRUE	TRUE
QG2829	QG2827	20180413	FALSE	TRUE
QG2830	QG2832	20180413	FALSE	TRUE
QG2831	QG2832	20180413	FALSE	TRUE
QG2832	QG2832	20180413	TRUE	TRUE
QG2833	QG2832	20180413	FALSE	TRUE
QG2834	QG2835	20180413	FALSE	TRUE
QG2835	QG2835	20180413	TRUE	TRUE
QG2836	QG2836	20180413	TRUE	TRUE
QG2837	QG2837	20180413	TRUE	TRUE
QG2838	QG2838	20180413	TRUE	TRUE
QG2839	QG2841	20180413	FALSE	TRUE
QG2840	QG2841	20180413	FALSE	TRUE
QG2841	QG2841	20180413	TRUE	TRUE
QG2842	QG2841	20180413	FALSE	TRUE
QG2843	QG2843	20180413	TRUE	TRUE
QG2844	QG2846	20180413	FALSE	TRUE
QG2845	QG2846	20180413	FALSE	TRUE
QG2846	QG2846	20180413	TRUE	TRUE
QG2850	QG2850	20180413	TRUE	TRUE
QG2851	QG2850	20180413	FALSE	TRUE
QG2852	QG2854	20180413	FALSE	TRUE
QG2853	QG2854	20180413	FALSE	TRUE
QG2854	QG2854	20180413	TRUE	TRUE
QG2855	QG2855	20180413	TRUE	TRUE
QG2856	QG2854	20180413	FALSE	TRUE
QG2857	QG2857	20180413	TRUE	TRUE
QG2858	QG2854	20180413	FALSE	TRUE
QG2859	QG2854	20180413	FALSE	TRUE
QG2872	QG2873	20180413	FALSE	TRUE
QG2873	QG2873	20180413	TRUE	TRUE
QG2874	QG2874	20180413	TRUE	TRUE
QG2875	QG2875	20180413	TRUE	TRUE
QG2876	QG2875	20180413	FALSE	TRUE
QG2877	QG2877	20180413	TRUE	TRUE
QG2878	QG2877	20180413	FALSE	TRUE
QG2927	QG2932	20180413	FALSE	TRUE
QG2928	QG2932	20180413	FALSE	TRUE
QG2931	QG2932	20180413	FALSE	TRUE
QG2932	QG2932	20180413	TRUE	TRUE
QG4003	QG4003	20210121	TRUE	TRUE
QG4004	QG4004	20210121	TRUE	TRUE
QG4005	QG4006	20210121	FALSE	TRUE
QG4006	QG4006	20210121	TRUE	TRUE
QG4008	QG4008	20210121	TRUE	TRUE
QG4009	QG4008	20210121	FALSE	TRUE
QG4010	QG4010	20210121	TRUE	TRUE
QG4011	QG4012	20210121	FALSE	TRUE
QG4012	QG4012	20210121	TRUE	TRUE
QG4014	QG4010	20210121	FALSE	TRUE
QG4015	QG4015	20210121	TRUE	TRUE
QG4016	QG4015	20210121	FALSE	TRUE
QG4017	QG4017	20210121	TRUE	TRUE
QG4018	QG4018	20210121	TRUE	TRUE
QG4019	QG4010	20210121	FALSE	TRUE
QG4021	QG4021	20210121	TRUE	TRUE
QG4076	QG4080	20210121	FALSE	TRUE
QG4077	QG4080	20210121	FALSE	TRUE
QG4078	QG4080	20210121	FALSE	TRUE
QG4079	QG4080	20210121	FALSE	TRUE
QG4080	QG4080	20210121	TRUE	TRUE
QG4103	QG4103	20210121	TRUE	TRUE
QG4134	QG4015	20210121	FALSE	TRUE
QG4135	QG4135	20210121	TRUE	TRUE
QG4137	QG4138	20210121	FALSE	TRUE
QG4138	QG4138	20210121	TRUE	TRUE
QG4139	QG4138	20210121	FALSE	TRUE
QG4151	QG4151	20210121	TRUE	TRUE
QG4158	QG4015	20210121	FALSE	TRUE
QG4159	QG4015	20210121	FALSE	TRUE
QG4160	QG4015	20210121	FALSE	TRUE
QG4161	QG4015	20210121	FALSE	TRUE
QG4162	QG4135	20210121	FALSE	TRUE
QG4163	QG4135	20210121	FALSE	TRUE
QG4166	QG4226	20210121	FALSE	TRUE
QG4182	QG4010	20210121	FALSE	TRUE
QG4184	QG4010	20210121	FALSE	TRUE
QG4185	QG4010	20210121	FALSE	TRUE
QG4186	QG4010	20210121	FALSE	TRUE
QG4193	QG4193	20210121	TRUE	TRUE
QG4194	QG4193	20210121	FALSE	TRUE
QG4226	QG4226	20210121	TRUE	TRUE
QG4228	QG4228	20210121	TRUE	TRUE
QG536	QG536	20160408	TRUE	TRUE
QG537	QG536	20160408	FALSE	TRUE
QG538	QG536	20160408	FALSE	TRUE
QG556	QG556	20160408	TRUE	TRUE
QG557	QG557	20160408	TRUE	TRUE
QG558	QG556	20160408	FALSE	TRUE
QW947	QW947	20160408	TRUE	TRUE
QX1211	QX1211	20160408	TRUE	TRUE
QX1212	QX1212	20160408	TRUE	TRUE
QX1213	QX1212	20160408	FALSE	TRUE
QX1214	QX1212	20160408	FALSE	TRUE
QX1215	QX1211	20160408	FALSE	TRUE
QX1216	QX1211	20160408	FALSE	TRUE
QX1233	QX1233	20160408	TRUE	TRUE
QX1791	QX1791	20160408	TRUE	TRUE
QX1792	QX1792	20160408	TRUE	TRUE
QX1793	QX1793	20160408	TRUE	TRUE
QX1794	QX1794	20160408	TRUE	TRUE
RC301	RC301	20160408	TRUE	TRUE
TWN2530	TWN2530	20200815	TRUE	TRUE
TWN2542	TWN2542	20200815	TRUE	TRUE
TWN2794	TWN2542	20200815	FALSE	TRUE
TWN2803	TWN2542	20200815	FALSE	TRUE
WN2001	WN2001	20160408	TRUE	TRUE
WN2002	WN2002	20160408	TRUE	TRUE
WN2010	WN2001	20160408	FALSE	TRUE
WN2011	WN2001	20160408	FALSE	TRUE
WN2013	WN2001	20160408	FALSE	TRUE
WN2014	WN2001	20160408	FALSE	TRUE
WN2016	WN2001	20160408	FALSE	TRUE
WN2017	WN2001	20160408	FALSE	TRUE
WN2018	WN2001	20160408	FALSE	TRUE
WN2019	WN2001	20160408	FALSE	TRUE
WN2020	WN2001	20160408	FALSE	TRUE
WN2021	WN2001	20160408	FALSE	TRUE
WN2033	WN2033	20170531	TRUE	TRUE
WN2035	WN2033	20170531	FALSE	TRUE
WN2039	WN2033	20170531	FALSE	TRUE
WN2050	WN2050	20170531	TRUE	TRUE
WN2056	WN2050	20170531	FALSE	TRUE
WN2059	WN2066	20180413	FALSE	TRUE
WN2060	WN2066	20180413	FALSE	TRUE
WN2061	WN2050	20210121	FALSE	TRUE
WN2062	WN2050	20180413	FALSE	TRUE
WN2063	WN2063	20180413	TRUE	TRUE
WN2064	WN2064	20180413	TRUE	TRUE
WN2065	WN2066	20180413	FALSE	TRUE
WN2066	WN2066	20180413	TRUE	TRUE
WN2067	WN2050	20200815	FALSE	TRUE
WN2068	WN2068	20200815	TRUE	TRUE
WN2069	WN2069	20200815	TRUE	TRUE
WN2070	WN2066	20200815	FALSE	TRUE
WN2071	WN2068	20200815	FALSE	TRUE
WN2073	WN2066	20200815	FALSE	TRUE
WN2074	WN2066	20200815	FALSE	TRUE
WN2075	WN2066	20200815	FALSE	TRUE
WN2076	MY2535	20200815	FALSE	TRUE
WN2077	WN2086	20210121	FALSE	TRUE
WN2078	WN2066	20210121	FALSE	TRUE
WN2079	WN2066	20210121	FALSE	TRUE
WN2080	WN2068	20210121	FALSE	TRUE
WN2081	WN2066	20210121	FALSE	TRUE
WN2082	WN2082	20210121	TRUE	TRUE
WN2083	MY2453	20210121	FALSE	TRUE
WN2086	WN2086	20210121	TRUE	TRUE
WN2088	WN2066	20210121	FALSE	TRUE
WN2089	WN2066	20210121	FALSE	TRUE
WN2090	WN2066	20210121	FALSE	TRUE
WN2091	WN2082	20210121	FALSE	TRUE
WN2092	WN2050	20210121	FALSE	TRUE
WN2093	WN2050	20210121	FALSE	TRUE
WN2095	WN2066	20210121	FALSE	TRUE
WN2096	WN2068	20210121	FALSE	TRUE
XZ1513	XZ1513	20170531	TRUE	TRUE
XZ1514	XZ1514	20170531	TRUE	TRUE
XZ1515	XZ1515	20170531	TRUE	TRUE
XZ1516	XZ1516	20170531	TRUE	TRUE
XZ1672	XZ1672	20180413	TRUE	TRUE
XZ1734	XZ1734	20180413	TRUE	TRUE
XZ1735	XZ1735	20180413	TRUE	TRUE
XZ1756	XZ1756	20180413	TRUE	TRUE
XZ2018	XZ2018	20180413	TRUE	TRUE
XZ2019	XZ2019	20180413	TRUE	TRUE
XZ2020	XZ2020	20180413	TRUE	TRUE
XZ2210	MY2535	20200815	FALSE	TRUE
XZ2211	XZ2211	20200815	TRUE	TRUE
XZ2212	XZ1513	20200815	FALSE	TRUE
XZ2213	XZ2211	20210121	FALSE	TRUE
